X;Y;Year;Cadmium;Chrome;lnChrome;Copper;lnCopper;Nickel;Lead;lnLead;Vanadin;Zinc
101;214;85;2;9;21;61;41;18;110;47;22;517
66;232;85;1;13;25;48;38;18;100;46;16;342
81;244;85;1;7;19;47;38;17;108;46;16;375
87;259;85;1;6;17;55;40;12;98;45;16;449
93;262;85;1;4;13;53;39;10;67;42;12;322
99;277;85;1;6;17;46;38;17;90;44;15;302
122;271;85;1;6;17;50;39;15;95;45;18;237
109;286;85;1;5;16;49;38;12;50;39;14;357
118;280;85;1;13;25;85;44;16;63;41;17;322
106;292;85;1;4;13;47;38;14;59;40;19;307
87;209;85;2;5;16;27;32;10;78;43;12;318
86;212;85;2;10;23;49;38;12;108;46;17;500
85;215;85;2;8;20;38;36;13;88;44;13;410
83;218;85;1;5;16;35;35;11;88;44;14;247
93;212;85;1;11;23;56;40;18;90;44;22;490
91;215;85;1;17;28;62;41;19;106;46;25;632
79;227;85;2;6;17;41;37;14;63;41;13;292
82;221;85;1;6;17;58;40;13;83;44;13;432
81;224;85;1;7;19;51;39;16;82;44;11;355
99;227;85;1;6;17;51;39;12;91;45;14;380
101;224;85;1;11;23;52;39;17;98;45;18;330
70;233;85;2;13;25;53;39;23;110;47;22;467
78;230;85;2;5;16;42;37;20;76;43;13;457
77;233;85;1;5;16;43;37;14;62;41;6;316
75;236;85;1;7;19;39;36;17;68;42;5;345
74;239;85;1;9;21;40;36;16;65;41;10;330
90;233;85;2;9;21;38;36;11;79;43;19;452
89;236;85;2;5;16;30;34;17;63;41;8;267
87;239;85;1;8;20;44;37;10;70;42;16;266
98;230;85;1;7;19;49;38;11;95;45;14;440
97;233;85;3;7;19;118;47;15;177;51;14;750
95;236;85;3;12;24;86;44;20;131;48;17;505
94;239;85;1;10;23;50;39;13;89;44;15;360
65;245;85;1;8;20;34;35;14;70;42;9;292
63;248;85;2;6;17;39;36;14;40;36;12;771
73;242;85;1;6;17;32;34;15;75;43;14;370
86;242;85;1;6;17;37;36;21;95;45;15;287
85;245;85;1;6;17;39;36;12;98;45;17;297
83;248;85;1;3;10;43;37;10;66;41;9;607
105;245;85;2;8;20;49;38;14;96;45;19;389
103;248;85;1;5;16;52;39;11;75;43;7;252
82;251;85;1;6;17;40;36;14;94;45;13;390
99;257;85;1;6;17;47;38;11;73;42;12;447
102;251;85;2;7;19;41;37;11;90;44;13;271
101;254;85;4;9;21;40;36;12;100;46;12;480
90;263;85;2;7;19;45;38;15;77;43;15;360
89;266;85;1;7;19;39;36;14;74;43;12;260
97;263;85;1;9;21;39;36;13;66;41;14;415
110;263;85;2;9;21;58;40;15;115;47;25;377
107;269;85;1;8;20;51;39;17;93;45;15;360
115;266;85;2;9;21;64;41;15;106;46;3;464
114;269;85;1;12;24;55;40;13;36;35;19;300
93;272;85;1;9;21;32;34;17;44;37;9;185
91;275;85;1;14;26;46;38;16;80;43;13;337
106;272;85;1;14;26;46;38;17;83;44;14;435
105;275;85;2;6;17;43;37;13;100;46;8;412
103;278;85;1;6;17;39;36;11;58;40;12;392
113;272;85;1;7;19;46;38;16;83;44;17;252
125;275;85;2;8;20;51;39;13;90;44;7;335
123;278;85;1;6;17;48;38;14;78;43;15;205
99;287;85;2;6;17;44;37;10;67;42;11;296
102;281;85;1;5;16;35;35;10;82;44;17;322
119;287;85;1;7;19;47;38;13;87;44;11;345
122;281;85;1;10;23;57;40;12;74;43;19;295
121;284;85;1;8;20;56;40;10;60;40;8;253
110;293;85;1;4;13;54;39;18;46;38;27;450
109;296;85;1;14;26;86;44;24;49;38;46;292
107;299;85;1;11;23;167;51;36;58;40;89;385
118;290;85;1;13;25;40;36;15;55;40;21;205
117;293;85;1;15;27;42;37;20;63;41;30;205
115;296;85;1;15;27;53;39;18;57;40;24;288
114;299;85;2;14;26;58;40;18;65;41;18;230
127;299;85;1;6;17;43;37;14;61;41;7;252
126;302;85;1;3;10;38;36;12;45;38;7;297
123;308;85;1;5;16;38;36;42;72;42;20;300
131;305;85;1;5;16;40;36;13;54;39;7;241
122;311;85;1;8;20;50;39;21;75;43;14;305
38;196;85;1;6;17;44;37;15;37;36;2;255
56;195;85;1;5;16;38;36;17;90;44;13;369
56;204;85;1;11;23;58;40;49;100;46;18;445
83;207;85;1;5;16;46;38;13;96;45;17;412
93;203;85;2;12;24;55;40;20;55;40;37;542
106;228;85;3;10;23;78;43;21;167;51;28;744
108;229;85;2;7;19;62;41;14;106;46;18;352
113;223;85;6;11;23;168;51;17;335;58;25;706
116;224;85;5;15;27;171;51;26;389;59;41;685
113;234;85;3;13;25;111;47;19;262;55;33;505
116;235;85;3;17;28;106;46;22;126;48;33;542
121;237;85;2;10;23;76;43;24;187;52;33;459
123;238;85;2;16;27;90;44;33;190;52;32;691
121;246;85;2;20;29;105;46;18;215;53;31;505
123;247;85;2;37;36;81;43;27;223;54;30;580
128;251;85;2;34;35;72;42;24;197;52;45;387
123;258;85;2;11;23;65;41;20;160;50;36;445
136;255;85;2;32;34;68;42;23;156;50;37;347
138;256;85;2;45;38;68;42;25;218;53;44;357
141;257;85;2;116;47;64;41;26;138;49;24;337
143;258;85;2;73;42;43;37;18;98;45;22;317
138;265;85;2;45;38;62;41;22;143;49;23;315
133;274;85;2;10;23;45;38;13;100;46;15;367
141;277;85;1;10;23;60;40;20;103;46;18;397
128;280;85;1;17;28;52;39;21;96;45;19;266
136;284;85;1;16;27;42;37;17;80;43;15;248
128;291;85;2;13;25;46;38;16;65;41;11;258
136;295;85;1;17;28;49;38;17;72;42;11;327
133;303;85;2;84;44;40;36;18;86;44;12;352
41;154;85;2;8;20;88;44;16;136;49;17;332
43;155;85;2;7;19;50;39;13;143;49;16;320
46;156;85;1;8;20;66;41;11;143;49;10;345
33;160;85;1;7;19;40;36;13;85;44;10;405
36;161;85;3;11;23;43;37;15;87;44;13;402
41;163;85;1;8;20;56;40;16;118;47;17;379
46;165;85;2;6;17;50;39;15;115;47;12;505
48;166;85;1;10;23;39;36;16;116;47;19;320
56;161;85;2;10;23;44;37;13;136;49;22;380
53;169;85;1;7;19;36;35;10;65;41;11;435
61;163;85;1;10;23;45;38;14;110;47;23;252
63;164;85;1;5;16;48;38;10;84;44;14;360
38;173;85;1;6;17;35;35;9;67;42;13;412
41;174;85;1;6;17;37;36;10;83;44;6;360
43;175;85;1;7;19;37;36;10;67;42;16;260
46;176;85;1;8;20;40;36;15;105;46;17;300
48;177;85;1;5;16;32;34;9;88;44;12;247
51;170;85;3;5;16;37;36;8;90;44;10;390
53;171;85;1;9;21;43;37;10;57;40;0;190
56;172;85;1;9;21;41;37;14;101;46;17;290
58;173;85;1;14;26;75;43;14;103;46;32;495
61;174;85;2;12;24;44;37;16;131;48;23;400
63;175;85;1;6;17;47;38;11;78;43;15;505
66;176;85;1;8;20;40;36;14;80;43;17;340
68;177;85;2;12;24;78;43;20;118;47;21;370
73;171;85;2;13;25;50;39;20;123;48;23;758
76;172;85;1;12;24;59;40;18;120;47;28;412
78;173;85;1;15;27;56;40;25;155;50;44;427
81;174;85;2;12;24;66;41;30;252;55;52;479
83;175;85;2;17;28;66;41;44;241;54;65;617
41;183;85;1;6;17;45;38;11;85;44;12;237
43;184;85;1;6;17;24;31;11;52;39;5;247
46;185;85;1;9;21;28;33;12;61;41;11;293
48;186;85;1;8;20;36;35;11;96;45;15;370
53;180;85;1;4;13;43;37;17;88;44;20;347
56;181;85;1;7;19;34;35;12;81;43;13;380
53;189;85;1;7;19;35;35;14;74;43;15;379
61;183;85;1;6;17;25;32;8;58;40;11;270
63;184;85;1;7;19;27;32;13;79;43;20;213
66;185;85;2;9;21;42;37;16;55;40;20;505
68;186;85;1;8;20;44;37;12;82;44;14;375
73;180;85;1;10;23;43;37;18;140;49;22;350
81;183;85;1;4;13;59;40;11;62;41;10;316
83;184;85;1;10;23;54;39;15;116;47;25;375
86;185;85;2;7;19;42;37;16;141;49;22;380
88;186;85;1;9;21;54;39;21;120;47;28;297
93;189;85;3;13;25;55;40;22;143;49;37;520
38;193;85;1;7;19;39;36;10;62;41;6;260
41;194;85;1;6;17;34;35;13;40;36;11;335
43;195;85;3;4;13;43;37;11;54;39;4;303
48;197;85;1;6;17;31;34;12;75;43;7;445
53;191;85;1;7;19;46;38;18;87;44;22;510
61;194;85;1;7;19;39;36;15;113;47;23;375
63;195;85;1;4;13;37;36;11;67;42;12;297
66;196;85;2;3;10;45;38;14;71;42;12;467
68;197;85;1;5;16;49;38;10;81;43;13;303
71;190;85;1;6;17;41;37;11;85;44;15;335
73;191;85;2;8;20;50;39;16;97;45;17;660
76;192;85;1;5;16;35;35;10;85;44;12;312
81;194;85;1;8;20;57;40;13;77;43;15;447
86;196;85;2;8;20;37;36;11;105;46;18;527
88;197;85;1;8;20;35;35;15;143;49;24;324
91;190;85;2;12;24;49;38;20;133;48;30;369
93;191;85;2;16;27;76;43;31;263;55;50;612
96;192;85;3;11;23;51;39;18;110;47;34;462
98;193;85;3;8;20;78;43;17;163;50;34;395
103;195;85;3;17;28;66;41;19;146;49;33;505
36;201;85;0;9;21;35;35;14;47;38;15;432
41;203;85;1;4;13;65;41;12;40;36;9;374
53;200;85;1;8;20;43;37;15;80;43;18;450
56;201;85;1;7;19;39;36;12;40;36;12;690
53;209;85;1;6;17;42;37;17;58;40;14;315
61;203;85;1;5;16;32;34;10;80;43;15;380
63;204;85;1;7;19;37;36;11;67;42;10;375
66;205;85;1;6;17;54;39;14;80;43;12;390
76;201;85;1;5;16;41;37;9;64;41;10;325
73;209;85;2;8;20;37;36;15;61;41;19;575
81;203;85;1;5;16;42;37;10;81;43;16;297
83;204;85;1;9;21;44;37;13;113;47;19;480
86;205;85;2;9;21;48;38;14;172;51;25;575
88;206;85;2;9;21;45;38;14;105;46;10;429
93;200;85;3;8;20;53;39;14;120;47;17;432
96;201;85;3;11;23;43;37;15;105;46;17;579
93;209;85;2;10;23;44;37;15;113;47;16;505
101;203;85;3;11;23;51;39;18;140;49;17;527
103;204;85;2;13;25;69;42;20;165;51;26;485
106;205;85;2;13;25;90;44;22;203;53;42;417
108;206;85;2;11;23;65;41;20;162;50;38;464
113;209;85;5;10;23;80;43;27;215;53;37;585
53;211;85;1;6;17;29;33;10;80;43;11;360
63;215;85;1;7;19;42;37;18;105;46;24;352
66;216;85;1;7;19;36;35;8;72;42;15;452
76;212;85;1;6;17;50;39;9;55;40;11;365
103;215;85;3;14;26;69;42;22;153;50;20;450
106;216;85;2;7;19;50;39;16;118;47;22;357
108;217;85;2;8;20;64;41;20;162;50;30;380
111;210;85;2;12;24;83;44;27;207;53;47;412
113;211;85;2;13;25;88;44;25;200;52;37;580
116;212;85;3;17;28;84;44;27;231;54;34;505
118;213;85;3;11;23;111;47;28;258;55;50;489
121;214;85;2;12;24;84;44;29;145;49;26;400
56;221;85;1;12;24;46;38;17;65;41;15;450
61;223;85;1;5;16;40;36;17;87;44;15;230
103;224;85;2;9;21;52;39;13;111;47;23;467
106;225;85;2;8;20;62;41;15;141;49;22;440
108;226;85;2;9;21;58;40;13;98;45;19;329
113;220;85;3;15;27;83;44;22;186;52;20;635
116;221;85;3;11;23;62;41;17;167;51;21;364
113;229;85;3;15;27;138;49;21;265;55;32;654
121;223;85;8;13;25;267;55;26;602;64;33;854
103;235;85;2;8;20;70;42;14;131;48;20;555
106;236;85;1;4;13;55;40;10;97;45;14;390
108;237;85;2;6;17;43;37;12;121;47;13;287
111;230;85;3;13;25;103;46;17;191;52;29;557
113;231;85;4;15;27;497;62;18;285;56;26;776
116;232;85;3;12;24;100;46;17;167;51;21;452
118;233;85;6;13;25;148;49;27;185;52;2;1020
121;234;85;3;16;27;180;51;24;231;54;33;520
123;235;85;5;26;32;340;58;35;590;63;53;753
113;240;85;2;16;27;78;43;17;143;49;17;440
116;241;85;2;22;30;73;42;21;188;52;27;485
113;249;85;3;8;20;47;38;10;75;43;12;300
121;243;85;3;21;30;123;48;21;175;51;33;723
123;244;85;2;29;33;106;46;23;210;53;34;435
126;245;85;2;35;35;92;45;26;156;50;55;417
113;251;85;1;11;23;51;39;13;75;43;11;262
116;252;85;2;12;24;62;41;15;133;48;27;485
118;253;85;3;14;26;80;43;19;153;50;23;645
121;254;85;2;11;23;69;42;17;123;48;37;544
123;255;85;2;13;25;69;42;18;138;49;26;457
126;256;85;3;15;27;93;45;21;172;51;35;545
131;250;85;5;35;35;74;43;21;113;47;75;375
136;252;85;2;59;40;74;43;24;126;48;39;527
138;253;85;2;80;43;65;41;29;71;42;43;281
141;254;85;2;108;46;57;40;29;138;49;40;385
143;255;85;2;213;53;50;39;33;162;50;31;350
113;260;85;2;12;24;66;41;16;126;48;24;440
116;261;85;2;10;23;51;39;14;110;47;19;404
121;263;85;3;11;23;54;39;18;163;50;28;430
123;264;85;2;11;23;62;41;17;168;51;30;435
126;265;85;1;6;17;37;36;11;67;42;11;211
128;266;85;1;14;26;50;39;17;88;44;18;291
136;261;85;2;51;39;67;42;32;165;51;29;340
133;269;85;1;15;27;52;39;17;118;47;18;285
128;277;85;2;6;17;61;41;15;82;44;15;302
131;270;85;2;19;29;68;42;17;128;48;23;400
133;271;85;2;11;23;53;39;17;106;46;11;262
138;273;85;2;21;30;49;38;18;92;45;24;407
141;274;85;2;19;29;75;43;17;50;39;18;760
123;284;85;1;9;21;54;39;16;93;45;16;260
126;285;85;1;11;23;44;37;15;98;45;19;285
128;286;85;1;7;19;41;37;14;48;38;12;285
133;280;85;1;4;13;39;36;12;60;40;7;287
136;281;85;1;11;23;55;40;17;75;43;18;385
133;289;85;1;9;21;47;38;15;67;42;11;235
128;297;85;1;8;20;36;35;18;70;42;15;297
131;290;85;1;10;23;50;39;17;67;42;14;248
133;291;85;1;8;20;48;38;13;70;42;9;325
136;301;85;1;5;16;50;39;12;51;39;9;257
49;109;85;3;26;32;72;42;24;243;54;41;477
51;105;85;2;56;40;74;43;46;270;55;68;402
27;118;85;5;18;28;99;45;30;430;60;88;866
29;119;85;3;20;29;77;43;29;395;59;71;539
31;115;85;4;14;26;108;46;27;276;56;53;789
33;116;85;3;13;25;79;43;31;262;55;53;555
35;117;85;3;18;28;105;46;25;295;56;50;650
37;118;85;4;20;29;108;46;35;490;61;74;679
51;115;85;2;41;37;69;42;32;347;58;34;445
67;118;85;2;16;27;53;39;16;100;46;23;370
85;127;85;2;40;36;70;42;36;250;55;51;459
65;137;85;2;11;23;57;40;22;247;55;45;495
69;139;85;2;20;29;63;41;28;227;54;48;467
81;135;85;2;207;53;83;44;143;267;55;60;704
83;136;85;2;64;41;62;41;58;236;54;43;644
85;137;85;2;13;25;68;42;20;151;50;34;495
87;138;85;2;29;33;67;42;32;197;52;39;565
41;145;85;2;8;20;68;42;14;135;49;21;489
53;146;85;2;10;23;54;39;18;197;52;28;429
59;149;85;2;13;25;71;42;17;195;52;30;472
57;158;85;2;6;17;67;42;15;126;48;28;412
59;159;85;2;8;20;64;41;11;105;46;15;335
81;155;85;3;8;20;66;41;19;88;44;35;612
83;156;85;3;11;23;79;43;26;221;53;53;480
89;159;85;3;8;20;60;40;25;160;50;35;382
85;167;85;3;22;30;57;40;30;190;52;32;500
28;105;85;3;16;27;93;45;20;151;50;28;470
30;106;85;4;25;32;95;45;31;297;56;45;620
34;103;85;4;32;34;83;44;36;197;52;69;765
36;104;85;3;12;24;58;40;12;128;48;20;412
38;105;85;4;40;36;79;43;39;103;46;71;825
40;106;85;4;42;37;79;43;40;256;55;58;685
50;106;85;2;31;34;53;39;29;191;52;26;410
52;102;85;2;81;43;57;40;50;232;54;39;370
26;114;85;3;20;29;76;43;30;354;58;62;474
28;115;85;2;17;28;59;40;24;257;55;44;435
30;116;85;2;16;27;45;38;24;305;57;39;365
32;112;85;2;21;30;65;41;24;297;56;40;420
36;114;85;3;22;30;87;44;27;158;50;35;958
38;115;85;5;14;26;54;39;18;113;47;23;1070
40;116;85;3;25;32;75;43;27;320;57;42;470
42;112;85;3;23;31;69;42;25;278;56;44;437
44;113;85;3;24;31;67;42;27;232;54;53;565
46;114;85;4;18;28;69;42;31;96;45;36;505
48;115;85;4;19;29;54;39;22;285;56;42;545
50;116;85;3;17;28;62;41;22;277;56;38;435
52;112;85;3;31;34;60;40;26;295;56;45;500
54;113;85;2;35;35;86;44;31;211;53;42;457
34;123;85;2;11;23;61;41;21;238;54;24;445
36;124;85;3;20;29;58;40;21;257;55;30;658
38;125;85;3;12;24;55;40;16;155;50;27;755
40;126;85;2;13;25;55;40;18;126;48;35;400
42;122;85;2;21;30;76;43;20;177;51;40;527
44;123;85;2;18;28;42;37;16;187;52;24;340
46;124;85;2;24;31;72;42;24;260;55;38;522
50;126;85;2;23;31;67;42;24;221;53;30;470
52;122;85;2;20;29;56;40;20;200;52;29;557
54;123;85;3;18;28;42;37;20;202;53;31;415
56;124;85;3;15;27;61;41;16;200;52;34;382
58;125;85;3;23;31;71;42;25;320;57;53;554
60;126;85;3;26;32;78;43;26;280;56;44;560
66;124;85;3;38;36;85;44;35;285;56;37;1010
68;125;85;3;35;35;70;42;39;337;58;68;650
70;126;85;2;31;34;45;38;30;252;55;43;555
78;125;85;3;98;45;81;43;66;231;54;33;622
38;135;85;2;14;26;57;40;18;225;54;36;442
40;136;85;2;11;23;61;41;19;227;54;27;395
42;132;85;2;12;24;75;43;15;123;48;25;575
44;133;85;2;10;23;71;42;15;162;50;29;282
46;134;85;2;9;21;43;37;12;141;49;18;435
50;136;85;3;11;23;68;42;17;175;51;30;547
52;132;85;2;15;27;53;39;20;195;52;27;365
54;133;85;2;13;25;67;42;16;160;50;20;325
56;134;85;2;14;26;64;41;14;148;49;25;316
58;135;85;3;12;24;55;40;18;120;47;37;470
60;136;85;3;18;28;70;42;26;151;50;46;515
62;132;85;3;25;32;55;40;21;145;49;38;565
64;133;85;3;21;30;61;41;25;232;54;50;725
66;134;85;3;31;34;69;42;30;282;56;47;706
68;135;85;4;16;27;69;42;19;212;53;36;570
70;136;85;3;23;31;70;42;24;156;50;39;500
72;132;85;2;39;36;70;42;31;248;55;50;460
74;133;85;3;29;33;41;37;22;185;52;13;455
76;134;85;2;45;38;74;43;30;237;54;38;510
78;135;85;3;36;35;70;42;30;247;55;42;582
80;136;85;3;30;34;60;40;32;212;53;42;532
82;132;85;2;51;39;64;41;41;192;52;37;442
34;143;85;2;10;23;54;39;17;175;51;24;335
36;144;85;2;10;23;42;37;15;141;49;21;370
38;145;85;1;8;20;43;37;12;130;48;19;375
40;146;85;3;13;25;44;37;19;216;53;27;369
42;142;85;2;9;21;49;38;14;158;50;23;375
44;143;85;2;13;25;68;42;19;238;54;38;392
46;144;85;2;15;27;60;40;21;187;52;31;345
48;145;85;1;11;23;76;43;14;64;41;50;392
50;146;85;3;17;28;58;40;21;197;52;50;440
52;142;85;2;9;21;55;40;14;182;52;27;375
54;143;85;2;18;28;57;40;18;230;54;40;505
56;144;85;3;14;26;126;48;16;231;54;32;522
60;146;85;2;17;28;55;40;16;202;53;27;429
62;142;85;2;13;25;59;40;17;44;37;31;495
66;144;85;3;17;28;66;41;21;212;53;32;663
68;145;85;3;12;24;64;41;16;197;52;19;475
70;146;85;2;12;24;59;40;20;60;40;26;658
72;142;85;2;13;25;65;41;17;162;50;30;485
74;143;85;2;15;27;59;40;20;182;52;27;440
76;144;85;2;10;23;47;38;15;108;46;23;450
78;145;85;2;14;26;51;39;21;111;47;34;380
80;146;85;4;18;28;57;40;22;185;52;45;390
82;142;85;2;25;32;75;43;24;151;50;35;495
84;143;85;3;20;29;81;43;26;267;55;58;918
86;144;85;2;16;27;73;42;30;176;51;18;587
42;152;85;2;14;26;70;42;17;167;51;28;415
44;153;85;1;11;23;48;38;14;111;47;19;380
46;154;85;2;5;16;45;38;11;110;47;12;330
48;155;85;2;7;19;49;38;10;106;46;11;324
50;156;85;4;9;21;158;50;13;160;50;23;549
52;152;85;2;10;23;51;39;17;190;52;28;445
54;153;85;2;10;23;69;42;15;153;50;26;445
56;154;85;1;8;20;39;36;12;103;46;18;340
58;155;85;1;11;23;45;38;17;123;48;23;310
60;156;85;2;13;25;60;40;19;180;51;37;377
62;152;85;3;11;23;52;39;14;140;49;23;520
64;153;85;3;11;23;48;38;14;97;45;17;435
66;154;85;2;11;23;41;37;13;97;45;17;462
68;155;85;2;10;23;32;34;11;113;47;28;495
70;156;85;2;15;27;52;39;22;227;54;47;459
72;152;85;2;10;23;69;42;13;108;46;20;527
74;153;85;1;13;25;48;38;17;143;49;24;390
76;154;85;2;12;24;80;43;17;121;47;42;635
78;155;85;1;14;26;64;41;18;192;52;30;320
80;156;85;2;13;25;41;37;20;135;49;38;280
82;152;85;2;11;23;62;41;18;123;48;25;445
84;153;85;2;13;25;51;39;22;170;51;43;500
88;155;85;3;11;23;40;36;18;113;47;21;292
62;162;85;2;8;20;48;38;13;85;44;14;345
64;163;85;2;8;20;56;40;16;76;43;20;853
66;164;85;2;9;21;66;41;18;181;51;24;520
68;165;85;1;9;21;41;37;15;110;47;16;395
70;166;85;1;8;20;51;39;15;121;47;17;305
72;162;85;2;16;27;64;41;20;187;52;30;370
74;163;85;1;14;26;43;37;18;123;48;27;260
76;164;85;3;15;27;81;43;21;113;47;33;961
78;165;85;2;15;27;58;40;20;138;49;34;364
80;166;85;3;6;17;50;39;14;95;45;22;422
82;162;85;2;14;26;66;41;20;205;53;36;467
84;163;85;2;17;28;70;42;22;197;52;40;385
86;164;85;4;13;25;59;40;20;183;52;32;395
48;46;85;3;7;19;76;43;16;151;50;28;414
46;47;85;3;10;23;70;42;14;172;51;13;372
44;48;85;3;13;25;78;43;28;352;58;63;387
64;48;85;2;11;23;76;43;25;307;57;52;382
62;49;85;2;16;27;62;41;22;231;54;41;327
50;50;85;5;8;20;79;43;13;150;50;24;750
48;51;85;2;8;20;52;39;15;123;48;20;335
46;52;85;2;8;20;63;41;10;91;45;14;1110
53;51;85;3;9;21;75;43;11;172;51;25;475
80;55;85;3;22;30;84;44;29;352;58;61;500
39;63;85;3;11;23;84;44;26;345;58;68;464
35;65;85;4;19;29;81;43;17;235;54;41;532
43;61;85;4;18;28;94;45;24;307;57;51;1130
79;63;85;4;9;21;53;39;20;192;52;48;485
29;78;85;3;24;31;68;42;20;223;54;40;464
35;70;85;4;29;33;79;43;36;369;59;50;718
33;71;85;3;37;36;99;45;37;540;62;67;612
49;78;85;4;17;28;69;42;17;155;50;27;527
60;75;85;3;12;24;71;42;24;262;55;57;539
69;78;85;3;10;23;63;41;24;329;57;69;467
80;75;85;3;26;32;55;40;25;66;41;55;459
78;76;85;2;16;27;66;41;24;228;54;50;392
76;77;85;4;22;30;93;45;36;231;54;59;624
74;78;85;3;24;31;79;43;33;252;55;59;527
35;85;85;3;153;50;88;44;30;131;48;43;785
41;82;85;2;33;34;87;44;30;115;47;53;640
63;81;85;3;15;27;52;39;22;185;52;31;377
61;82;85;2;33;34;69;42;29;170;51;48;392
79;83;85;4;24;31;158;50;61;178;51;50;755
81;82;85;3;22;30;89;44;23;271;56;45;532
30;90;85;6;52;39;75;43;22;220;53;51;994
26;92;85;6;24;31;91;45;27;377;59;77;858
27;99;85;3;25;32;64;41;25;247;55;39;367
31;92;85;2;45;38;73;42;25;247;55;8;700
48;91;85;2;24;31;72;42;19;185;52;46;484
94;98;85;4;23;31;76;43;32;252;55;43;595
59;103;85;3;51;39;89;44;51;402;59;84;539
55;105;85;5;98;45;128;48;86;489;61;98;829
61;102;85;3;26;32;45;38;25;197;52;32;510
68;106;85;2;16;27;72;42;22;220;53;43;472
66;107;85;3;26;32;61;41;29;222;54;43;542
62;109;85;4;22;30;90;44;33;447;61;13;733
88;106;85;4;38;36;103;46;52;282;56;56;835
103;101;85;3;11;23;49;38;21;200;52;46;475
104;108;85;3;19;29;80;43;25;207;53;51;660
102;109;85;3;17;28;80;43;28;237;54;55;510
70;110;85;2;16;27;58;40;24;227;54;43;395
68;111;85;3;20;29;69;42;26;212;53;46;484
66;112;85;3;37;36;108;46;41;315;57;71;560
80;115;85;4;28;33;106;46;32;306;57;56;928
86;112;85;2;20;29;51;39;22;190;52;45;380
84;113;85;3;21;30;89;44;28;172;51;39;500
89;118;85;3;20;29;97;45;32;292;56;55;517
104;113;85;3;12;24;59;40;21;162;50;30;485
102;114;85;4;13;25;59;40;24;195;52;43;660
83;121;85;2;28;33;65;41;28;143;49;35;776
88;126;85;3;17;28;83;44;19;110;47;14;554
86;127;85;2;45;38;68;42;35;162;50;19;565
103;121;85;3;18;28;71;42;25;235;54;14;582
46;42;85;2;15;27;65;41;18;197;52;36;430
44;43;85;4;22;30;86;44;32;262;55;59;552
42;44;85;5;16;27;99;45;30;489;61;93;517
47;49;85;4;15;27;74;43;22;197;52;22;728
60;45;85;3;22;30;87;44;24;372;59;56;500
56;47;85;3;20;29;94;45;24;217;53;51;480
54;48;85;4;25;32;95;45;31;399;59;70;522
52;49;85;4;15;27;70;42;28;216;53;37;470
64;43;85;4;22;30;95;45;26;345;58;49;552
62;44;85;4;20;29;75;43;21;286;56;46;510
67;49;85;3;14;26;71;42;17;207;53;23;430
76;47;85;3;14;26;93;45;20;247;55;37;474
72;49;85;4;10;23;87;44;16;208;53;28;522
39;58;85;3;14;26;55;40;18;273;56;34;432
47;54;85;4;21;30;93;45;27;116;47;65;597
45;55;85;3;20;29;80;43;24;400;59;50;450
60;50;85;4;13;25;69;42;24;332;58;49;544
58;51;85;3;21;30;113;47;25;485;61;65;560
56;52;85;3;13;25;89;44;23;267;55;46;484
54;53;85;4;15;27;57;40;23;272;56;34;527
52;54;85;3;10;23;64;41;18;258;55;47;539
59;58;85;2;12;24;39;36;13;190;52;22;405
57;59;85;4;15;27;71;42;16;170;51;23;417
69;53;85;3;9;21;74;43;14;140;49;27;365
67;54;85;5;9;21;95;45;13;158;50;30;480
65;55;85;2;9;21;47;38;11;113;47;22;297
63;56;85;3;10;23;59;40;11;126;48;19;452
76;52;85;4;15;27;59;40;21;207;53;37;457
74;53;85;4;14;26;59;40;18;226;54;44;1000
72;54;85;3;24;31;93;45;34;197;52;61;527
77;59;85;3;26;32;83;44;30;148;49;60;467
40;65;85;4;17;28;106;46;23;354;58;43;485
38;66;85;3;23;31;79;43;26;322;57;38;437
36;67;85;4;11;23;85;44;12;83;44;37;537
50;60;85;3;16;27;68;42;18;277;56;50;452
44;63;85;3;15;27;70;42;17;288;56;34;397
42;64;85;3;14;26;65;41;17;260;55;44;474
47;69;85;5;19;29;65;41;23;335;58;40;445
55;60;85;3;10;23;63;41;14;187;52;23;542
53;61;85;3;17;28;76;43;26;327;57;46;602
60;65;85;2;14;26;67;42;18;272;56;45;414
56;67;85;3;18;28;73;42;25;268;55;38;455
54;68;85;3;13;25;76;43;17;236;54;27;654
52;69;85;3;19;29;76;43;20;222;54;26;420
70;60;85;3;20;29;71;42;43;133;48;31;359
68;61;85;2;10;23;73;42;14;108;46;58;402
66;62;85;4;19;29;71;42;18;177;51;35;625
64;63;85;3;20;29;91;45;23;145;49;44;412
62;64;85;2;11;23;81;43;12;195;52;28;452
67;69;85;2;17;28;48;38;18;187;52;31;360
73;61;85;4;15;27;59;40;17;211;53;23;505
76;67;85;2;18;28;72;42;24;231;54;38;465
74;68;85;3;20;29;71;42;24;290;56;40;520
72;69;85;3;22;30;90;44;25;205;53;50;460
86;62;85;3;11;23;77;43;12;113;47;30;470
27;74;85;4;29;33;76;43;28;263;55;56;467
40;70;85;4;13;25;73;42;21;228;54;44;627
39;78;85;2;19;29;46;38;23;138;49;25;424
37;79;85;3;45;38;87;44;24;212;53;45;505
49;73;85;3;18;28;57;40;21;305;57;46;365
47;74;85;4;18;28;82;44;22;227;54;39;474
45;75;85;3;13;25;51;39;16;83;44;24;515
43;76;85;6;18;28;72;42;17;190;52;53;580
60;70;85;2;12;24;61;41;15;155;50;23;380
58;71;85;2;13;25;59;40;17;177;51;24;420
54;73;85;3;22;30;81;43;22;327;57;43;602
59;78;85;3;19;29;63;41;17;192;52;32;554
57;79;85;3;19;29;64;41;16;120;47;31;460
69;73;85;3;19;29;86;44;16;217;53;33;542
67;74;85;2;15;27;51;39;17;61;41;25;350
63;76;85;4;18;28;66;41;20;88;44;42;602
80;70;85;4;13;25;66;41;18;158;50;45;609
78;71;85;3;13;25;47;38;18;167;51;34;360
76;72;85;3;19;29;79;43;27;243;54;54;552
74;73;85;2;10;23;48;38;17;161;50;33;316
72;74;85;2;17;28;67;42;29;197;52;35;292
81;77;85;3;14;26;56;40;13;100;46;105;389
30;80;85;3;38;36;59;40;14;140;49;24;515
28;81;85;4;163;50;67;42;18;206;53;40;417
38;86;85;3;103;46;95;45;31;241;54;60;510
36;87;85;4;218;53;89;44;28;342;58;64;485
50;80;85;2;21;30;66;41;23;245;55;35;415
48;81;85;2;25;32;82;44;26;226;54;35;445
42;84;85;2;36;35;64;41;23;227;54;48;435
47;89;85;3;31;34;75;43;27;245;55;30;656
54;88;85;3;24;31;68;42;25;307;57;40;600
52;89;85;2;30;34;72;42;21;241;54;33;360
70;80;85;3;16;27;60;40;23;205;53;42;469
68;81;85;3;21;30;86;44;28;118;47;31;445
66;82;85;3;19;29;87;44;25;228;54;39;547
64;83;85;2;18;28;75;43;19;118;47;49;437
75;80;85;3;19;29;58;40;28;257;55;43;550
78;86;85;3;12;24;81;43;18;136;49;35;457
74;88;85;2;19;29;101;46;27;240;54;48;427
40;90;85;3;57;40;50;39;20;177;51;24;609
47;94;85;2;47;38;64;41;20;126;48;23;679
58;91;85;2;34;35;68;42;30;172;51;36;422
54;93;85;2;29;33;67;42;22;187;52;38;402
52;94;85;2;48;38;60;40;27;197;52;38;414
59;98;85;5;37;36;103;46;44;113;47;75;973
57;99;85;3;10;23;47;38;14;97;45;70;293
69;93;85;3;9;21;72;42;11;106;46;14;410
67;94;85;3;25;32;60;40;29;365;58;60;442
63;96;85;3;23;31;65;41;25;237;54;53;439
61;97;85;2;10;23;50;39;14;140;49;58;364
74;93;85;4;17;28;63;41;20;181;51;31;412
72;94;85;3;15;27;72;42;20;130;48;27;480
77;99;85;3;31;34;78;43;27;223;54;52;542
89;93;85;3;18;28;50;39;25;228;54;56;490
87;94;85;3;23;31;50;39;24;197;52;69;420
81;97;85;3;35;35;85;44;41;360;58;89;402
30;100;85;3;33;34;63;41;40;208;53;46;685
28;101;85;3;12;24;68;42;15;195;52;36;412
33;101;85;4;39;36;77;43;31;354;58;59;739
55;100;85;3;31;34;55;40;24;153;50;35;475
60;105;85;4;38;36;86;44;51;477;61;83;670
70;100;85;3;18;28;83;44;24;252;55;49;450
67;109;85;2;15;27;58;40;23;173;51;33;429
75;100;85;2;19;29;64;41;22;185;52;29;474
80;105;85;2;50;39;93;45;48;311;57;63;522
78;106;85;3;59;40;110;47;55;201;53;72;745
76;107;85;3;32;34;68;42;29;162;50;25;480
72;109;85;3;29;33;85;44;34;277;56;39;560
90;100;85;3;12;24;60;40;18;211;53;49;440
88;101;85;2;15;27;55;40;16;173;51;38;440
86;102;85;4;15;27;69;42;24;123;48;33;484
84;103;85;3;16;27;53;39;18;148;49;33;610
82;104;85;3;26;32;83;44;28;290;56;46;600
87;109;85;3;17;28;57;40;23;180;51;33;500
95;100;85;5;22;30;83;44;34;385;59;67;771
100;105;85;4;14;26;60;40;29;207;53;41;816
92;109;85;3;15;27;54;39;25;215;53;40;467
102;104;85;3;16;27;72;42;22;221;53;25;600
60;110;85;3;37;36;73;42;30;265;55;49;415
58;111;85;4;27;32;48;38;25;228;54;40;580
56;112;85;4;45;38;108;46;41;455;61;93;605
59;118;85;3;18;28;49;38;17;168;51;27;417
57;119;85;3;17;28;57;40;20;233;54;40;500
69;113;85;7;17;28;51;39;21;158;50;33;407
63;116;85;4;20;29;71;42;21;177;51;30;552
61;117;85;3;21;30;68;42;22;172;51;34;470
78;111;85;3;40;36;101;46;27;148;49;17;557
74;113;85;3;18;28;74;43;27;252;55;50;527
72;114;85;4;22;30;60;40;30;210;53;15;485
79;118;85;4;43;37;75;43;30;123;48;28;729
77;119;85;3;36;35;52;39;33;186;52;47;470
85;115;85;2;16;27;66;41;23;162;50;38;380
83;116;85;3;42;37;73;42;37;360;58;78;680
81;117;85;2;22;30;61;41;27;208;53;37;485
100;110;85;4;12;24;56;40;24;221;53;17;500
98;111;85;2;8;20;51;39;16;131;48;46;365
96;112;85;3;11;23;47;38;18;153;50;44;414
92;114;85;2;12;24;63;41;30;256;55;73;429
97;119;85;3;19;29;66;41;23;227;54;33;465
103;116;85;4;14;26;97;45;21;138;49;38;490
101;117;85;3;15;27;73;42;20;186;52;33;701
70;120;85;2;140;49;57;40;95;238;54;71;678
86;122;85;3;13;25;69;42;22;231;54;47;429
84;123;85;4;14;26;87;44;34;312;57;82;567
82;124;85;3;46;38;74;43;38;223;54;50;515
87;129;85;3;50;39;63;41;16;190;52;4;439
93;121;85;3;16;27;71;42;24;226;54;51;537
98;126;85;2;15;27;69;42;24;202;53;40;505
96;127;85;2;21;30;85;44;32;250;55;62;539
104;123;85;3;15;27;70;42;25;153;50;40;397
102;124;85;2;12;24;82;44;28;247;55;68;594
89;133;85;5;12;24;80;43;23;170;51;36;557
100;130;85;3;17;28;69;42;30;185;52;38;690
43;24;85;3;10;23;67;42;20;138;49;29;407
37;34;85;3;16;27;73;42;32;245;55;56;352
49;38;85;3;9;21;58;40;14;108;46;16;464
53;31;85;4;27;32;72;42;22;250;55;60;430
69;38;85;4;20;29;87;44;27;402;59;48;569
71;37;85;5;10;23;64;41;19;290;56;37;696
39;43;85;2;9;21;56;40;16;141;49;30;322
40;45;85;4;11;23;79;43;22;221;53;39;392
37;49;85;5;26;32;121;47;18;130;48;84;1140
41;42;85;4;11;23;86;44;19;106;46;30;485
60;40;85;4;17;28;54;39;18;182;52;33;485
63;41;85;5;18;28;92;45;26;222;54;31;853
67;42;85;2;4;13;57;40;10;98;45;14;402
38;51;85;4;9;21;96;45;18;271;56;28;500
36;52;85;5;32;34;92;45;45;644;64;103;654
37;52;85;4;11;23;60;40;25;320;57;56;407
39;53;85;4;14;26;68;42;25;310;57;50;495
42;54;85;4;11;23;46;38;21;292;56;49;464
43;56;85;2;16;27;70;42;23;322;57;63;395
28;61;85;4;37;36;108;46;37;342;58;95;1010
29;61;85;5;18;28;96;45;28;380;59;67;554
28;66;85;3;22;30;61;41;21;223;54;46;337
33;61;85;5;15;27;93;45;21;247;55;43;968
30;70;85;5;19;29;101;46;20;317;57;58;696
27;72;85;6;28;33;128;48;28;292;56;66;675
26;82;85;3;99;45;61;41;27;215;53;40;537
24;83;85;4;47;38;82;44;21;231;54;47;495
28;86;85;4;120;47;75;43;24;262;55;47;459
100;65;85;4;13;25;81;43;22;180;51;43;495
101;62;85;5;26;32;87;44;27;291;56;74;634
103;64;85;4;21;30;93;45;23;207;53;42;640
106;67;85;3;17;28;48;38;23;271;56;47;407
49;23;85;6;13;25;95;45;23;280;56;30;739
47;29;85;4;11;23;75;43;19;205;53;31;407
45;30;85;4;22;30;123;48;28;283;56;37;829
50;30;85;3;13;25;76;43;16;130;48;41;402
43;34;85;4;27;32;96;45;30;332;58;56;826
41;35;85;6;17;28;106;46;28;344;58;50;860
47;39;85;4;28;33;106;46;32;502;62;70;723
53;36;85;4;27;32;88;44;32;241;54;72;535
52;39;85;3;20;29;85;44;27;529;62;84;430
57;39;85;4;15;27;100;46;25;307;57;39;587
65;35;85;4;12;24;77;43;19;215;53;45;728
70;35;85;4;15;27;89;44;18;222;54;53;572
61;37;85;4;14;26;54;39;18;253;55;62;632
64;38;85;5;12;24;91;45;17;318;57;60;582
45;40;85;5;22;30;98;45;31;303;57;67;582
50;40;85;4;17;28;77;43;21;382;59;46;711
48;41;85;4;16;27;133;48;20;390;59;62;600
49;41;85;4;11;23;61;41;14;158;50;21;515
55;40;85;6;16;27;96;45;21;387;59;51;723
53;41;85;3;17;28;81;43;23;297;56;46;549
51;42;85;4;25;32;93;45;28;444;60;53;940
68;41;85;3;22;30;84;44;28;317;57;51;575
66;42;85;3;16;27;77;43;24;268;55;39;540
40;50;85;5;15;27;67;42;23;296;56;40;651
39;51;85;3;15;27;74;43;29;412;60;74;495
37;54;85;6;18;28;81;43;20;300;57;22;718
41;52;85;3;21;30;90;44;30;407;60;68;675
43;54;85;5;18;28;68;42;28;337;58;59;607
41;55;85;4;20;29;106;46;33;469;61;57;685
22;74;85;3;25;32;56;40;21;216;53;31;322
23;74;85;4;24;31;68;42;26;257;55;25;415
23;76;85;4;25;32;60;40;22;177;51;67;452
21;82;85;3;31;34;80;43;17;153;50;54;480
19;91;85;5;23;31;68;42;21;322;57;60;810
21;95;85;4;26;32;90;44;28;153;50;76;587
23;96;85;3;16;27;75;43;25;392;59;52;597
99;61;85;3;19;29;64;41;21;233;54;36;425
107;64;85;4;21;30;71;42;23;266;55;38;537
103;66;85;4;18;28;76;43;24;248;55;54;600
108;71;85;4;17;28;77;43;21;280;56;76;467
107;74;85;3;17;28;57;40;20;195;52;53;442
110;75;85;3;12;24;47;38;16;151;50;40;365
76;242;85;1;4;13;35;35;13;75;43;13;390
73;244;85;1;5;16;36;35;14;80;43;11;365
70;247;85;1;5;16;25;32;12;73;42;11;252
68;246;85;1;4;13;26;32;10;45;38;5;495
64;255;85;1;5;16;29;33;11;39;36;5;247
64;251;85;1;6;17;41;37;18;33;34;9;663
80;243;85;1;6;17;29;33;12;74;43;11;380
77;246;85;1;7;19;31;34;12;88;44;12;290
74;248;85;1;6;17;32;34;12;83;44;10;435
69;249;85;1;6;17;31;34;18;63;41;13;565
61;251;85;1;6;17;32;34;10;34;35;3;575
56;232;85;2;5;16;50;39;10;59;40;4;412
64;234;85;1;5;16;37;36;14;45;38;6;490
67;231;85;1;5;16;51;39;10;69;42;8;340
70;230;85;1;6;17;57;40;14;77;43;13;265
82;252;85;1;7;19;33;34;17;77;43;12;369
78;251;85;1;5;16;31;34;8;72;42;9;245
72;258;85;2;4;13;39;36;7;46;38;4;335
69;258;85;1;6;17;39;36;16;51;39;5;582
68;260;85;1;4;13;34;35;10;36;35;3;582
67;258;85;3;5;16;40;36;16;42;37;4;410
68;255;85;2;5;16;51;39;9;39;36;5;390
72;254;85;1;5;16;34;35;10;33;34;2;711
74;250;85;2;10;23;44;37;17;76;43;48;575
79;248;85;2;10;23;49;38;17;76;43;40;644
92;311;85;2;4;13;40;36;13;37;36;4;365
93;305;85;1;3;10;28;33;7;28;33;11;302
76;266;85;1;9;21;36;35;13;78;43;17;233
79;264;85;1;6;17;53;39;13;70;42;11;495
82;261;85;1;5;16;48;38;13;130;48;19;485
84;263;85;1;4;13;42;37;9;70;42;8;384
107;290;85;1;5;16;81;43;11;56;40;1;654
80;260;85;2;9;21;31;34;15;87;44;11;369
79;262;85;1;7;19;24;31;11;65;41;8;467
76;259;85;1;7;19;31;34;14;100;46;7;435
83;297;85;1;5;16;20;29;6;23;31;69;307
89;282;85;1;7;19;44;37;15;47;38;2;320
93;278;85;1;11;23;34;35;13;95;45;13;248
98;278;85;2;8;20;43;37;13;81;43;11;360
99;282;85;1;6;17;34;35;10;61;41;7;260
81;277;85;1;11;23;60;40;25;73;42;11;290
89;278;85;2;11;23;45;38;15;83;44;10;565
87;282;85;2;12;24;37;36;19;82;44;14;450
80;288;85;4;9;21;37;36;14;34;35;11;495
80;290;85;2;7;19;37;36;8;36;35;3;420
78;282;85;7;10;23;41;37;12;50;39;5;465
88;273;85;4;8;20;44;37;13;54;39;4;597
85;274;85;5;7;19;51;39;14;88;44;12;532
81;273;85;5;6;17;58;40;12;73;42;5;440
78;274;85;3;5;16;57;40;15;33;34;5;527
92;302;85;1;4;13;37;36;8;34;35;11;257
91;304;85;1;6;17;113;47;21;46;38;7;385
90;308;85;1;15;27;52;39;21;63;41;20;330
96;309;85;1;4;13;30;34;12;45;38;13;292
102;304;85;1;11;23;89;44;19;52;39;37;462
103;300;85;1;5;16;71;42;14;54;39;32;465
107;302;85;2;6;17;94;45;24;83;44;42;236
108;311;85;1;5;16;35;35;16;68;42;16;475
113;313;85;1;5;16;33;34;14;54;39;13;459
118;312;85;2;4;13;29;33;12;47;38;9;419
117;315;85;1;5;16;45;38;18;76;43;12;495
112;317;85;1;5;16;38;36;15;49;38;11;297
109;316;85;1;4;13;40;36;25;44;37;11;276
106;268;85;1;11;23;64;41;17;130;48;41;480
77;60;85;3;13;25;58;40;25;240;54;60;350
53;33;85;4;18;28;96;45;22;340;58;65;660
82;64;85;3;11;23;48;38;17;110;47;30;450
78;36;85;3;14;26;47;38;15;162;50;32;362
122;229;85;8;22;30;470;61;20;736;66;28;978
121;225;85;7;31;34;414;60;26;514;62;42;903
119;229;85;5;25;32;162;50;25;283;56;40;676
37;46;85;3;12;24;54;39;14;177;51;29;412
48;26;85;4;23;31;101;46;22;389;59;56;554
49;25;85;4;20;29;113;47;24;303;57;49;465
50;18;85;4;19;29;79;43;20;225;54;47;460
46;19;85;2;13;25;49;38;14;177;51;31;402
44;29;85;3;16;27;79;43;20;253;55;36;372
43;30;85;3;14;26;131;48;21;247;55;39;455
42;30;85;2;12;24;51;39;17;197;52;30;317
40;28;85;5;25;32;56;40;26;291;56;56;415
39;25;85;3;14;26;63;41;18;197;52;40;337
38;22;85;4;25;32;93;45;26;253;55;38;671
39;22;85;5;43;37;133;48;35;365;58;69;699
38;32;85;3;13;25;81;43;25;251;55;42;357
37;32;85;4;22;30;75;43;25;232;54;44;865
36;33;85;5;22;30;90;44;31;354;58;53;1320
35;33;85;4;23;31;113;47;40;417;60;47;693
36;27;85;4;20;29;94;45;25;195;52;34;715
36;28;85;3;29;33;93;45;21;158;50;46;522
35;27;85;5;30;34;98;45;33;440;60;56;570
35;26;85;4;25;32;106;46;28;316;57;53;565
79;42;85;2;14;26;58;40;14;177;51;33;307
80;44;85;2;15;27;44;37;13;106;46;27;238
84;52;85;3;19;29;46;38;18;140;49;32;347
81;49;85;3;9;21;42;37;9;83;44;16;238
34;19;85;3;19;29;74;43;23;270;55;40;382
32;30;85;4;22;30;68;42;28;218;53;35;833
31;35;85;3;17;28;45;38;22;182;52;43;412
32;58;85;4;21;30;101;46;25;380;59;49;715
32;57;85;4;23;31;116;47;26;469;61;65;666
50;24;80;6;15;27;81;43;17;252;55;25;470
46;32;80;4;15;27;80;43;20;335;58;11;464
42;33;80;4;22;30;86;44;25;327;57;73;554
45;34;80;7;16;27;105;46;30;537;62;70;572
44;36;80;6;11;23;75;43;22;370;59;37;830
41;37;80;7;13;25;113;47;18;424;60;46;696
44;37;80;6;15;27;98;45;24;287;56;44;730
41;38;80;5;12;24;91;45;22;430;60;51;515
45;39;80;4;20;29;93;45;27;415;60;46;564
51;38;80;6;12;24;73;42;17;347;58;58;512
64;37;80;9;24;31;121;47;25;705;65;160;1250
65;39;80;6;12;24;118;47;20;435;60;98;671
35;40;80;7;17;28;106;46;30;735;65;118;646
39;41;80;5;12;24;69;42;15;276;56;56;646
40;44;80;6;10;23;86;44;17;238;54;24;495
40;45;80;6;13;25;88;44;22;482;61;37;535
42;40;80;7;18;28;95;45;16;370;59;30;612
49;42;80;5;6;17;81;43;16;217;53;25;580
52;41;80;5;11;23;83;44;17;295;56;32;520
66;42;80;6;11;23;73;42;20;322;57;45;570
39;52;80;7;13;25;98;45;22;454;61;65;637
35;59;80;6;20;29;128;48;29;725;65;105;595
29;71;80;5;13;25;95;45;22;472;61;61;572
24;86;80;5;27;32;100;46;17;227;54;34;495
19;92;80;6;11;23;90;44;15;156;50;22;504
20;94;80;4;20;29;90;44;17;270;55;35;595
43;43;80;5;10;23;88;44;15;223;54;30;462
53;43;80;6;15;27;81;43;18;312;57;35;562
52;46;80;5;8;20;96;45;17;217;53;20;597
70;44;80;6;20;29;73;42;24;432;60;35;605
67;45;80;6;12;24;81;43;18;276;56;43;529
64;46;80;6;15;27;80;43;22;507;62;70;562
71;42;80;7;17;28;76;43;24;510;62;83;622
71;47;80;6;16;27;81;43;24;447;61;58;755
75;49;80;6;15;27;76;43;22;475;61;58;587
38;58;80;7;20;29;116;47;30;651;64;70;815
48;58;80;5;10;23;75;43;12;126;48;15;445
59;51;80;5;12;24;93;45;25;261;55;61;495
60;54;80;4;8;20;50;39;15;236;54;27;437
54;56;80;3;11;23;65;41;12;223;54;29;445
58;58;80;4;10;23;68;42;15;206;53;27;495
69;51;80;5;13;25;76;43;20;313;57;10;575
61;52;80;6;12;24;68;42;25;316;57;53;597
67;55;80;5;5;16;75;43;18;301;57;45;505
64;56;80;5;10;23;83;44;17;248;55;41;445
65;59;80;4;5;16;60;40;18;291;56;37;440
72;50;80;6;12;24;78;43;20;301;57;51;554
71;52;80;5;6;17;53;39;22;277;56;11;840
76;52;80;8;18;28;88;44;22;447;61;81;881
74;56;80;6;12;24;59;40;20;295;56;60;545
75;59;80;6;12;24;73;42;18;230;54;45;622
85;59;80;6;13;25;63;41;17;255;55;54;562
39;61;80;5;12;24;78;43;20;432;60;88;512
42;60;80;5;20;29;88;44;27;375;59;69;856
49;61;80;5;10;23;86;44;25;412;60;13;870
41;62;80;4;12;24;71;42;27;301;57;12;730
46;62;80;5;22;30;123;48;25;405;60;81;940
43;63;80;5;16;27;91;45;30;524;62;12;605
50;64;80;4;13;25;68;42;27;357;58;22;597
47;65;80;4;24;31;93;45;25;349;58;24;760
44;66;80;4;16;27;85;44;30;370;59;15;540
41;67;80;4;25;32;106;46;29;392;59;17;564
48;68;80;3;17;28;70;42;29;362;58;22;400
45;69;80;5;16;27;78;43;25;485;61;108;580
52;60;80;4;17;28;74;43;25;347;58;44;580
59;61;80;4;17;28;85;44;25;482;61;24;455
51;62;80;4;12;24;65;41;22;316;57;49;515
53;63;80;4;17;28;75;43;17;302;57;18;600
57;65;80;4;13;25;91;45;34;287;56;50;497
54;66;80;6;22;30;90;44;25;283;56;29;664
51;67;80;5;17;28;93;45;29;281;56;55;690
55;69;80;5;20;29;86;44;17;325;57;37;455
62;60;80;8;27;32;106;46;30;668;65;80;646
69;61;80;5;8;20;58;40;25;302;57;25;480
63;63;80;4;11;23;54;39;17;302;57;50;384
70;64;80;4;15;27;60;40;24;377;59;32;440
64;66;80;5;17;28;90;44;22;283;56;24;544
68;68;80;6;10;23;60;40;25;354;58;66;589
65;69;80;4;12;24;66;41;20;327;57;51;440
72;60;80;4;8;20;54;39;12;70;42;53;407
71;62;80;3;8;20;59;40;13;221;53;30;407
73;63;80;4;6;17;40;36;22;105;46;73;490
71;67;80;14;10;23;64;41;22;334;58;37;572
78;68;80;6;12;24;50;39;25;360;58;69;580
75;69;80;5;6;17;73;42;20;222;54;35;530
27;75;80;4;34;35;103;46;29;525;62;71;575
32;70;80;4;35;35;113;47;30;570;63;75;680
39;71;80;11;27;32;95;45;35;166;51;71;1250
31;72;80;5;29;33;101;46;30;605;64;69;660
36;72;80;5;13;25;91;45;22;379;59;20;711
33;73;80;5;20;29;81;43;29;487;61;71;910
40;74;80;4;17;28;68;42;20;318;57;41;490
37;75;80;4;20;29;70;42;20;332;58;48;600
34;76;80;4;22;30;83;44;27;392;59;65;564
31;77;80;5;39;36;93;45;30;510;62;68;650
38;78;80;5;32;34;106;46;22;232;54;34;595
35;79;80;5;17;28;78;43;17;203;53;35;850
42;70;80;4;17;28;69;42;27;425;60;81;382
49;71;80;2;13;25;70;42;18;267;55;40;360
41;72;80;5;24;31;93;45;34;497;62;76;589
46;72;80;3;10;23;59;40;22;308;57;45;407
43;73;80;4;16;27;83;44;34;277;56;78;540
47;75;80;3;16;27;81;43;20;347;58;51;335
41;77;80;5;17;28;93;45;25;277;56;75;730
48;78;80;3;12;24;76;43;20;228;54;35;432
52;70;80;4;20;29;115;47;22;392;59;45;735
56;72;80;3;12;24;71;42;22;267;55;58;424
51;77;80;3;16;27;58;40;20;344;58;37;447
58;78;80;3;12;24;78;43;24;197;52;55;624
69;71;80;5;16;27;68;42;17;281;56;44;455
61;72;80;5;12;24;59;40;20;267;55;40;479
67;75;80;3;8;20;53;39;12;198;52;25;415
68;78;80;4;12;24;59;40;16;161;50;44;480
65;79;80;3;6;17;45;38;22;265;55;88;440
72;70;80;3;13;25;76;43;22;197;52;30;464
71;72;80;4;6;17;70;42;20;110;47;86;597
76;72;80;5;5;16;60;40;20;193;52;41;497
73;73;80;4;6;17;60;40;13;238;54;37;514
80;74;80;4;10;23;53;39;17;128;48;27;390
74;76;80;3;8;20;39;36;12;187;52;22;375
78;78;80;3;8;20;59;40;15;191;52;25;415
75;79;80;6;13;25;79;43;27;327;57;49;660
81;77;80;3;6;17;75;43;12;116;47;17;447
29;81;80;3;96;45;68;42;20;175;51;35;480
28;88;80;3;39;36;73;42;18;316;57;45;432
25;89;80;3;44;37;66;41;17;318;57;30;592
32;80;80;3;48;38;75;43;22;242;54;39;512
31;82;80;5;128;48;76;43;20;322;57;51;728
33;83;80;6;93;45;86;44;17;296;56;39;630
37;85;80;4;41;37;80;43;16;237;54;25;610
42;80;80;2;22;30;63;41;18;272;56;37;375
49;81;80;4;22;30;74;43;20;222;54;44;475
41;82;80;4;20;29;80;43;15;197;52;24;425
43;83;80;3;32;34;68;42;24;370;59;69;400
50;84;80;5;24;31;78;43;25;365;58;50;620
47;85;80;6;25;32;100;46;32;645;64;76;592
41;87;80;4;55;40;93;45;17;360;58;40;425
52;80;80;3;22;30;68;42;18;313;57;27;424
59;81;80;9;16;27;106;46;30;215;53;43;554
51;82;80;3;24;31;75;43;20;205;53;44;447
54;86;80;4;22;30;75;43;22;330;57;39;464
51;87;80;5;27;32;85;44;17;298;56;41;590
55;89;80;5;34;35;86;44;27;322;57;53;499
62;80;80;6;48;38;101;46;30;467;61;34;855
61;82;80;4;22;30;70;42;24;374;59;53;440
66;82;80;5;20;29;60;40;24;232;54;32;475
68;88;80;3;17;28;60;40;22;276;56;39;374
65;89;80;4;11;23;64;41;17;172;51;29;499
72;80;80;4;8;20;50;39;13;162;50;35;412
79;81;80;5;12;24;195;52;20;197;52;32;1170
71;82;80;4;18;28;79;43;25;138;49;40;499
76;82;80;5;25;32;131;48;29;237;54;60;840
73;83;80;5;15;27;70;42;25;317;57;69;577
80;84;80;5;10;23;86;44;22;206;53;32;655
77;85;80;6;13;25;108;46;27;292;56;66;740
74;86;80;4;13;25;88;44;25;255;55;49;545
78;88;80;4;11;23;75;43;24;158;50;27;502
29;91;80;4;24;31;75;43;18;251;55;32;510
26;92;80;6;25;32;75;43;24;322;57;44;760
30;94;80;7;30;34;96;45;30;379;59;40;875
27;95;80;4;25;32;75;43;24;212;53;44;475
25;99;80;5;16;27;74;43;17;282;56;24;640
32;90;80;6;44;37;54;39;15;143;49;13;964
39;91;80;6;35;35;96;45;25;172;51;30;718
31;92;80;5;29;33;90;44;43;282;56;32;794
35;99;80;5;29;33;69;42;32;302;57;40;380
49;91;80;2;29;33;63;41;27;277;56;35;462
50;94;80;2;35;35;80;43;32;395;59;51;640
47;95;80;2;30;34;61;41;32;228;54;32;745
52;90;80;4;22;30;63;41;27;298;56;43;559
59;91;80;5;27;32;90;44;32;245;55;50;690
51;92;80;4;22;30;79;43;24;275;56;37;510
56;92;80;6;32;34;100;46;35;302;57;44;592
53;93;80;5;27;32;95;45;30;148;49;58;507
60;94;80;5;17;28;69;42;27;253;55;40;664
57;95;80;4;35;35;86;44;35;162;50;43;499
54;96;80;5;37;36;103;46;32;187;52;69;630
51;97;80;4;34;35;50;39;40;211;53;27;582
58;98;80;4;43;37;64;41;32;407;60;50;554
55;99;80;4;25;32;65;41;25;260;55;40;522
62;90;80;6;15;27;91;45;24;390;59;69;585
69;91;80;5;12;24;85;44;30;207;53;45;559
61;92;80;6;17;28;86;44;22;265;55;40;537
63;93;80;5;18;28;98;45;32;442;60;83;515
70;94;80;6;10;23;58;40;17;200;52;30;477
64;96;80;4;12;24;50;39;22;237;54;34;680
61;97;80;4;16;27;75;43;22;197;52;40;537
68;98;80;5;17;28;85;44;56;334;58;55;720
65;99;80;5;15;27;75;43;25;197;52;60;569
72;90;80;5;12;24;68;42;34;235;54;41;510
79;91;80;5;12;24;75;43;27;251;55;50;567
77;95;80;4;16;27;63;41;30;322;57;39;527
71;97;80;6;17;28;75;43;40;384;59;50;818
82;90;80;5;12;24;248;55;25;267;55;32;575
83;93;80;4;8;20;69;42;22;146;49;20;405
81;97;80;5;12;24;108;46;17;193;52;39;507
91;97;80;5;8;20;70;42;27;178;51;20;575
95;99;80;9;25;32;96;45;40;231;54;80;850
29;101;80;5;13;25;63;41;35;296;56;32;454
30;104;80;5;17;28;81;43;35;459;61;60;535
32;100;80;5;20;29;66;41;35;390;59;58;655
31;102;80;4;17;28;66;41;32;367;59;46;535
59;101;80;5;17;28;69;42;27;165;51;45;499
56;102;80;5;60;40;70;42;50;340;58;49;585
60;104;80;5;35;35;91;45;58;480;61;61;680
57;105;80;4;90;44;81;43;68;400;59;55;545
58;108;80;4;24;31;61;41;40;315;57;40;477
55;109;80;5;22;30;75;43;30;230;54;44;690
69;101;80;4;13;25;56;40;27;222;54;37;517
63;103;80;4;16;27;75;43;41;347;58;59;559
61;107;80;6;45;38;88;44;35;455;61;58;670
68;108;80;5;13;25;55;40;22;210;53;41;537
72;100;80;6;17;28;60;40;27;207;53;49;630
79;101;80;4;10;23;80;43;25;166;51;17;510
76;102;80;4;17;28;75;43;30;195;52;27;550
74;106;80;4;25;32;86;44;40;375;59;50;567
75;109;80;5;29;33;69;42;55;312;57;73;599
82;100;80;5;25;32;91;45;25;232;54;32;420
89;101;80;5;16;27;73;42;20;313;57;51;459
81;102;80;4;12;24;83;44;22;78;43;27;484
86;102;80;5;8;20;88;44;17;148;49;16;530
83;103;80;4;12;24;88;44;20;120;47;30;569
90;104;80;6;27;32;106;46;35;422;60;75;810
87;105;80;6;12;24;81;43;27;123;48;35;790
88;108;80;5;17;28;81;43;27;233;54;78;650
95;109;80;5;13;25;66;41;35;387;59;66;624
59;111;80;4;22;30;58;40;35;379;59;37;527
56;112;80;5;18;28;69;42;20;190;52;35;522
60;114;80;6;17;28;75;43;27;352;58;48;736
57;115;80;4;30;34;60;40;30;347;58;45;615
58;118;80;4;16;27;58;40;17;113;47;32;475
55;119;80;3;18;28;54;39;22;327;57;18;462
69;111;80;3;20;29;63;41;30;258;55;43;567
61;112;80;4;29;33;65;41;27;307;57;53;467
66;112;80;4;22;30;63;41;25;217;53;54;554
63;113;80;7;111;47;110;47;40;377;59;86;850
70;114;80;6;30;34;65;41;35;384;59;70;637
67;115;80;4;27;32;73;42;25;238;54;29;552
64;116;80;5;35;35;81;43;34;459;61;113;604
61;117;80;4;24;31;66;41;20;281;56;60;544
68;118;80;4;41;37;86;44;40;320;57;35;1070
65;119;80;4;17;28;78;43;20;315;57;50;560
72;110;80;4;35;35;91;45;40;385;59;65;650
71;112;80;5;22;30;76;43;27;330;57;35;689
76;112;80;5;48;38;83;44;75;317;57;106;781
73;113;80;5;29;33;90;44;34;375;59;53;720
77;115;80;5;44;37;100;46;53;362;58;59;850
74;116;80;3;44;37;69;42;39;339;58;37;552
78;118;80;5;37;36;66;41;39;357;58;46;587
75;119;80;3;55;40;71;42;50;261;55;29;480
81;112;80;5;24;31;93;45;40;268;55;69;577
86;112;80;5;35;35;83;44;50;407;60;103;525
87;115;80;7;32;34;106;46;35;372;59;74;560
84;116;80;4;24;31;74;43;32;354;58;75;507
88;118;80;5;5;16;69;42;32;222;54;45;756
85;119;80;4;20;29;65;41;37;238;54;50;435
92;110;80;6;24;31;105;46;35;372;59;51;610
94;116;80;3;20;29;78;43;34;281;56;64;570
98;118;80;5;13;25;68;42;16;246;55;37;550
95;119;80;5;17;28;58;40;25;286;56;40;489
102;110;80;5;12;24;64;41;18;202;53;45;507
101;112;80;5;15;27;88;44;20;350;58;61;580
101;117;80;5;15;27;95;45;25;286;56;55;730
59;121;80;3;13;25;118;47;22;251;55;27;605
62;120;80;4;37;36;90;44;25;437;60;45;515
72;120;80;3;59;40;71;42;40;251;55;29;417
79;121;80;5;39;36;80;43;40;287;56;39;655
71;122;80;4;76;43;73;42;71;325;57;27;552
76;122;80;6;335;58;101;46;105;420;60;65;740
73;123;80;4;37;36;71;42;35;271;56;45;577
80;124;80;4;15;27;76;43;18;163;50;18;454
82;120;80;5;16;27;65;41;17;248;55;22;690
89;121;80;5;12;24;68;42;24;262;55;43;560
81;122;80;4;58;40;78;43;34;419;60;55;590
86;122;80;5;15;27;54;39;20;200;52;35;689
84;126;80;3;27;32;65;41;25;232;54;30;409
99;121;80;4;13;25;71;42;27;268;55;54;629
93;123;80;4;18;28;68;42;29;266;55;64;595
100;124;80;4;20;29;83;44;25;277;56;50;629
91;127;80;4;25;32;101;46;37;402;59;75;480
101;122;80;4;27;32;101;46;45;235;54;96;577
103;123;80;5;15;27;81;43;22;222;54;32;492
92;130;80;4;93;45;83;44;17;146;49;45;480
91;132;80;5;11;23;78;43;15;138;49;24;417
41;97;80;4;35;35;78;43;25;364;58;66;472
27;105;80;4;20;29;73;42;27;382;59;64;462
28;109;80;4;20;29;83;44;22;422;60;68;632
36;102;80;4;25;32;75;43;30;256;55;63;560
33;103;80;5;25;32;83;44;32;410;60;90;696
37;105;80;4;29;33;80;43;25;427;60;66;472
38;109;80;5;18;28;78;43;25;344;58;63;854
50;104;80;3;56;40;76;43;48;288;56;25;515
48;109;80;4;20;29;70;42;25;370;59;25;435
52;100;80;4;35;35;76;43;32;365;58;35;445
53;103;80;3;24;31;78;43;18;203;53;20;507
51;107;80;3;22;30;83;44;17;173;51;50;472
29;111;80;3;8;20;44;37;16;198;52;27;390
26;112;80;4;16;27;64;41;16;247;55;35;445
30;114;80;4;13;25;78;43;20;349;58;55;685
28;119;80;5;20;29;71;42;48;291;56;55;454
32;110;80;4;15;27;58;40;22;266;55;45;542
39;111;80;4;20;29;76;43;20;311;57;35;748
36;112;80;4;24;31;91;45;27;340;58;50;497
33;113;80;4;8;20;76;43;24;192;52;45;519
40;114;80;3;22;30;73;42;22;445;60;44;445
37;115;80;4;20;29;74;43;24;375;59;59;629
35;119;80;4;13;25;70;42;17;360;58;41;480
38;119;80;4;17;28;93;45;22;273;56;71;595
42;110;80;5;30;34;86;44;27;470;61;93;560
49;111;80;7;34;35;93;45;30;231;54;37;730
46;112;80;3;11;23;61;41;17;170;51;27;407
47;115;80;3;12;24;70;42;18;227;54;25;570
45;119;80;4;13;25;86;44;15;196;52;34;570
48;119;80;3;32;34;78;43;25;296;56;40;490
53;113;80;4;12;24;80;43;11;218;53;22;435
51;117;80;3;20;29;64;41;16;193;52;22;417
32;120;80;6;13;25;96;45;20;191;52;35;620
39;121;80;3;18;28;65;41;22;223;54;35;560
37;125;80;4;18;28;81;43;30;329;57;51;527
35;129;80;4;18;28;81;43;22;183;52;50;680
38;129;80;5;11;23;51;39;13;186;52;30;629
42;120;80;4;20;29;80;43;27;133;48;22;622
43;123;80;3;20;29;61;41;24;347;58;24;530
50;124;80;3;25;32;54;39;22;221;53;40;527
47;125;80;3;22;30;80;43;22;305;57;25;390
41;127;80;3;15;27;64;41;18;322;57;56;527
45;129;80;2;11;23;60;40;17;227;54;34;355
56;122;80;3;13;25;54;39;18;292;56;29;467
53;123;80;3;13;25;61;41;16;221;53;25;560
60;124;80;2;12;24;48;38;16;192;52;15;447
57;125;80;3;17;28;58;40;18;200;52;35;730
51;127;80;3;17;28;63;41;20;395;59;41;447
55;129;80;4;20;29;76;43;22;450;61;93;655
69;121;80;4;55;40;75;43;51;267;55;25;605
63;123;80;4;17;28;65;41;20;272;56;45;520
67;125;80;3;40;36;66;41;34;231;54;30;405
61;127;80;3;20;29;56;40;17;238;54;49;570
68;129;80;4;25;32;73;42;25;246;55;98;502
77;125;80;3;96;45;88;44;83;217;53;41;770
71;127;80;4;65;41;71;42;35;216;53;25;417
78;129;80;5;68;42;95;45;35;246;55;35;610
39;131;80;3;8;20;65;41;18;345;58;45;405
36;132;80;3;8;20;48;38;13;183;52;50;332
37;135;80;3;10;23;56;40;17;182;52;13;425
35;139;80;3;11;23;55;40;17;242;54;22;442
38;139;80;3;6;17;61;41;12;166;51;12;570
42;130;80;3;12;24;61;41;18;301;57;30;527
49;131;80;3;13;25;60;40;20;317;57;32;447
46;132;80;3;13;25;75;43;12;225;54;16;475
43;133;80;2;8;20;50;39;12;208;53;25;419
50;134;80;4;16;27;73;42;17;297;56;20;663
47;135;80;2;6;17;41;37;12;187;52;20;277
48;139;80;3;8;20;50;39;13;175;51;20;355
53;133;80;3;11;23;56;40;24;262;55;20;485
57;135;80;3;8;20;50;39;18;232;54;30;425
55;139;80;3;11;23;55;40;16;227;54;27;454
62;130;80;3;17;28;60;40;27;317;57;16;690
63;133;80;4;6;17;56;40;15;220;53;35;412
61;137;80;3;12;24;64;41;20;345;58;25;405
68;139;80;4;13;25;60;40;22;435;60;32;590
72;130;80;3;78;43;68;42;46;162;50;54;432
76;132;80;5;455;61;118;47;75;492;61;74;605
80;134;80;5;78;43;83;44;49;390;59;40;650
71;137;80;3;509;62;80;43;20;163;50;12;660
82;130;80;4;59;40;78;43;45;412;60;45;490
83;133;80;3;70;42;63;41;55;374;59;55;425
87;135;80;3;18;28;61;41;51;365;58;135;405
85;139;80;5;32;34;75;43;39;429;60;58;640
39;141;80;2;11;23;91;45;76;217;53;20;440
36;142;80;3;8;20;55;40;18;223;54;22;549
33;143;80;2;4;13;51;39;12;186;52;12;397
50;144;80;2;5;16;41;37;12;125;48;12;425
47;145;80;2;4;13;37;36;12;113;47;12;390
48;149;80;3;6;17;45;38;17;225;54;25;355
52;140;80;2;8;20;59;40;18;186;52;40;447
56;142;80;3;12;24;135;49;22;305;57;45;482
60;144;80;3;10;23;64;41;18;225;54;32;475
51;147;80;4;12;24;81;43;17;252;55;30;720
69;141;80;3;16;27;56;40;20;277;56;40;462
63;143;80;4;12;24;70;42;20;277;56;40;520
67;145;80;3;11;23;50;39;18;253;55;40;390
61;147;80;3;12;24;63;41;17;225;54;27;405
72;140;80;3;20;29;70;42;27;325;57;73;412
71;147;80;3;10;23;50;39;15;125;48;20;291
78;149;80;3;10;23;53;39;18;212;53;35;425
82;140;80;4;15;27;54;39;22;243;54;46;390
83;143;80;4;17;28;56;40;27;293;56;70;440
81;147;80;5;16;27;73;42;20;407;60;98;580
85;149;80;5;17;28;120;47;35;315;57;71;700
42;150;80;2;6;17;49;38;20;130;48;17;415
46;152;80;2;4;13;43;37;17;133;48;12;400
50;154;80;2;6;17;46;38;16;170;51;18;440
41;157;80;2;4;13;48;38;17;158;50;13;307
59;151;80;2;6;17;60;40;22;237;54;32;447
53;153;80;3;6;17;56;40;8;168;51;17;417
57;155;80;2;6;17;59;40;20;217;53;32;370
58;159;80;2;6;17;53;39;24;215;53;27;600
62;150;80;5;12;24;74;43;12;207;53;27;650
63;153;80;3;12;24;70;42;30;322;57;45;640
67;155;80;2;6;17;45;38;20;160;50;30;385
65;159;80;6;3;10;53;39;18;167;51;29;354
72;150;80;3;6;17;68;42;25;237;54;40;392
73;153;80;3;6;17;51;39;20;90;44;17;600
77;155;80;3;6;17;66;41;22;167;51;25;454
82;150;80;4;10;23;65;41;29;272;56;54;660
83;153;80;4;8;20;74;43;24;277;56;44;560
81;157;80;4;15;27;110;47;40;480;61;111;610
88;159;80;4;12;24;91;45;30;245;55;59;610
33;163;80;1;5;16;45;38;17;93;45;12;283
37;165;80;1;6;17;43;37;17;125;48;17;362
43;163;80;1;5;16;37;36;17;133;48;22;277
59;161;80;2;5;16;46;38;24;150;50;18;360
62;160;80;2;4;13;46;38;17;140;49;17;339
66;162;80;3;5;16;54;39;20;177;51;25;422
70;164;80;3;6;17;41;37;22;100;46;20;430
68;169;80;2;5;16;66;41;20;175;51;25;580
72;160;80;3;8;20;78;43;27;200;52;37;600
77;165;80;3;6;17;61;41;20;162;50;25;462
82;160;80;3;6;17;65;41;24;167;51;34;600
87;165;80;5;11;23;108;46;12;246;55;29;570
81;167;80;4;11;23;113;47;18;151;50;40;650
85;169;80;5;16;27;78;43;29;300;57;40;424
69;171;80;2;3;10;83;44;17;83;44;15;470
63;173;80;2;5;16;53;39;22;133;48;16;392
67;175;80;2;4;13;69;42;20;130;48;18;492
61;177;80;2;4;13;44;37;17;180;51;22;407
72;170;80;3;11;23;75;43;20;177;51;22;665
76;172;80;3;8;20;65;41;16;116;47;32;467
80;174;80;3;6;17;55;40;22;158;50;27;620
78;179;80;3;5;16;65;41;12;153;50;50;467
82;170;80;2;6;17;68;42;24;200;52;45;437
86;172;80;3;8;20;81;43;40;230;54;74;570
81;177;80;2;8;20;58;40;22;180;51;34;354
88;179;80;3;8;20;83;44;27;195;52;41;680
91;177;80;3;8;20;81;43;30;155;50;35;580
82;180;80;3;2;6;50;39;20;115;47;12;437
83;183;80;3;3;10;50;39;20;125;48;20;492
90;184;80;3;2;6;68;42;18;118;47;16;437
85;189;80;2;6;17;50;39;22;190;52;27;377
75;199;80;4;5;16;50;39;8;105;46;13;394
82;190;80;4;8;20;68;42;12;141;49;30;620
86;192;80;3;6;17;46;38;13;153;50;24;262
90;194;80;4;8;20;65;41;15;185;52;37;484
81;197;80;3;6;17;45;38;13;227;54;34;344
92;190;80;6;13;25;64;41;15;162;50;50;467
99;191;80;5;24;31;88;44;34;271;56;98;622
93;193;80;2;2;6;50;39;17;75;43;13;307
95;199;80;3;2;6;55;40;17;115;47;17;360
103;193;80;5;12;24;85;44;12;168;51;37;467
82;200;80;4;6;17;55;40;8;148;49;20;295
89;201;80;2;4;13;44;37;17;162;50;20;246
83;203;80;3;5;16;40;36;10;111;47;25;295
87;205;80;3;5;16;49;38;10;136;49;17;394
92;200;80;2;4;13;49;38;16;130;48;18;270
97;205;80;3;4;13;111;47;12;126;48;17;372
95;209;80;4;8;20;51;39;17;165;51;22;650
102;200;80;4;8;20;80;43;22;320;57;73;519
103;203;80;4;6;17;69;42;15;223;54;74;427
48;159;80;2;8;20;37;36;12;128;48;20;457
46;162;80;4;8;20;46;38;12;175;51;20;465
47;165;80;3;8;20;45;38;15;148;49;15;367
43;169;80;3;6;17;39;36;10;115;47;16;337
48;169;80;3;5;16;40;36;13;143;49;12;352
52;160;80;3;12;24;45;38;15;187;52;13;375
53;163;80;3;8;20;45;38;12;170;51;20;397
51;167;80;3;6;17;49;38;11;120;47;12;277
58;169;80;3;3;10;44;37;11;150;50;11;345
38;179;80;3;5;16;49;38;16;88;44;8;487
43;173;80;2;4;13;37;36;8;80;43;11;307
47;175;80;3;6;17;44;37;8;125;48;12;457
56;172;80;4;8;20;46;38;16;140;49;12;502
57;175;80;2;5;16;75;43;16;151;50;15;585
51;177;80;4;6;17;39;36;10;130;48;12;495
58;179;80;3;6;17;41;37;15;118;47;13;427
42;180;80;3;6;17;39;36;12;103;46;8;532
46;182;80;2;6;17;35;35;11;83;44;8;315
43;183;80;3;4;13;35;35;8;73;42;6;307
47;185;80;2;8;20;37;36;12;103;46;8;375
52;180;80;3;5;16;25;32;8;93;45;8;322
56;182;80;3;6;17;37;36;12;123;48;13;307
58;189;80;2;5;16;49;38;6;120;47;12;472
66;182;80;2;6;17;44;37;12;113;47;10;375
63;183;80;3;6;17;53;39;12;128;48;10;487
67;185;80;2;5;16;50;39;12;95;45;8;472
63;189;80;2;4;13;45;38;12;88;44;12;412
76;182;80;4;5;16;54;39;12;75;43;5;570
77;185;80;2;3;10;32;34;10;108;46;8;390
71;187;80;4;8;20;48;38;12;140;49;8;457
78;189;80;3;8;20;61;41;16;158;50;12;412
81;187;80;3;5;16;48;38;10;90;44;6;375
37;195;80;2;8;20;48;38;12;68;42;6;345
38;199;80;2;6;17;40;36;12;88;44;12;450
42;190;80;2;6;17;40;36;11;75;43;6;337
43;193;80;3;6;17;45;38;12;70;42;6;640
41;197;80;2;6;17;40;36;11;80;43;8;345
48;199;80;2;6;17;43;37;11;93;45;11;502
52;190;80;5;8;20;49;38;22;170;51;13;510
51;197;80;3;6;17;51;39;13;98;45;8;577
58;199;80;3;5;16;48;38;12;93;45;6;390
62;190;80;2;4;13;40;36;8;116;47;18;455
63;193;80;3;6;17;35;35;10;85;44;6;427
61;197;80;2;4;13;34;35;5;108;46;10;372
68;199;80;3;8;20;43;37;11;118;47;11;547
72;190;80;3;8;20;53;39;10;113;47;8;607
76;192;80;3;8;20;45;38;13;160;50;20;457
73;193;80;1;6;17;53;39;12;120;47;12;610
37;205;80;8;6;17;48;38;15;70;42;12;252
42;200;80;8;4;13;29;33;12;48;38;8;355
43;203;80;1;5;16;32;34;13;70;42;10;435
47;205;80;1;6;17;41;37;12;106;46;20;419
43;209;80;8;5;16;37;36;12;76;43;12;300
52;200;80;2;3;10;39;36;12;78;43;8;440
53;203;80;1;4;13;29;33;15;73;42;10;427
57;205;80;1;6;17;41;37;13;120;47;15;362
58;209;80;2;2;6;40;36;8;113;47;16;355
62;200;80;2;6;17;40;36;15;91;45;16;379
66;202;80;1;6;17;40;36;12;91;45;13;474
67;205;80;2;4;13;48;38;8;120;47;17;390
63;209;80;1;6;17;45;38;15;120;47;17;395
72;200;80;2;6;17;54;39;15;136;49;16;457
71;207;80;1;6;17;40;36;12;101;46;8;332
78;209;80;2;6;17;53;39;13;153;50;17;402
98;209;80;2;5;16;40;36;11;91;45;13;362
106;202;80;5;10;23;74;43;22;380;59;74;619
107;205;80;4;10;23;75;43;20;322;57;59;537
101;207;80;3;6;17;65;41;17;200;52;29;419
111;207;80;3;12;24;75;43;25;191;52;32;610
113;209;80;3;11;23;81;43;22;255;55;35;457
118;209;80;3;16;27;71;42;24;260;55;45;465
121;207;80;4;25;32;131;48;35;350;58;50;740
42;210;80;2;5;16;50;39;6;108;46;10;318
52;210;80;2;6;17;50;39;12;88;44;17;590
56;212;80;1;5;16;35;35;11;73;42;13;324
58;219;80;2;6;17;55;40;15;98;45;15;457
66;212;80;2;6;17;63;41;16;161;50;22;435
67;215;80;2;2;6;39;36;11;86;44;12;427
61;217;80;1;8;20;59;40;22;83;44;17;660
68;219;80;2;3;10;68;42;18;113;47;18;555
72;210;80;2;8;20;37;36;12;98;45;13;970
76;212;80;1;8;20;41;37;13;100;46;17;550
73;213;80;1;10;23;50;39;13;101;46;17;402
106;212;80;3;11;23;66;41;22;255;55;40;387
107;215;80;3;6;17;66;41;18;170;51;32;474
103;219;80;2;8;20;69;42;20;192;52;29;427
108;219;80;2;6;17;95;45;15;166;51;27;435
112;210;80;2;8;20;74;43;20;187;52;30;500
117;215;80;3;10;23;100;46;24;240;54;27;500
111;217;80;4;10;23;86;44;20;305;57;30;750
113;219;80;3;8;20;86;44;16;185;52;22;379
118;219;80;5;12;24;171;51;25;415;60;41;770
121;217;80;5;16;27;158;50;29;425;60;37;630
123;219;80;6;15;27;230;54;30;545;63;37;950
56;222;80;3;12;24;55;40;16;178;51;22;427
53;223;80;8;4;13;32;34;8;73;42;12;245
62;220;80;1;4;13;45;38;22;101;46;17;347
66;222;80;2;3;10;46;38;16;126;48;25;308
61;227;80;1;4;13;45;38;15;131;48;15;316
102;220;80;2;8;20;66;41;16;175;51;25;435
106;222;80;2;6;17;64;41;16;161;50;20;379
103;223;80;2;6;17;53;39;13;141;49;17;482
107;225;80;2;8;20;61;41;16;192;52;25;370
116;222;80;4;10;23;146;49;22;280;56;30;560
113;223;80;4;8;20;101;46;16;212;53;24;510
113;229;80;5;24;31;170;51;22;355;58;43;650
126;222;80;6;27;32;232;54;27;537;62;41;850
123;223;80;12;27;32;86;44;27;1290;71;55;1490
102;230;80;2;3;10;60;40;12;86;44;22;437
106;232;80;3;11;23;60;40;12;173;51;22;520
107;235;80;3;15;27;54;39;12;143;49;22;460
108;239;80;3;11;23;55;40;15;120;47;12;490
112;230;80;4;12;24;123;48;12;165;51;39;730
113;233;80;5;16;27;146;49;17;241;54;29;630
111;237;80;4;10;23;74;43;15;156;50;37;550
118;239;80;4;49;38;101;46;20;272;56;35;590
121;237;80;5;18;28;153;50;22;146;49;27;635
123;239;80;5;34;35;176;51;27;397;59;44;635
116;242;80;4;45;38;71;42;15;207;53;29;470
113;243;80;3;6;17;58;40;8;108;46;13;450
117;245;80;5;13;25;103;46;18;197;52;30;710
118;249;80;4;16;27;56;40;16;192;52;56;500
122;240;80;4;10;23;141;49;25;17;28;30;550
123;243;80;4;17;28;128;48;18;281;56;58;655
127;245;80;4;48;38;110;47;20;302;57;49;440
123;249;80;3;11;23;60;40;8;160;50;34;510
133;249;80;3;37;36;68;42;20;207;53;45;370
116;252;80;4;18;28;58;40;11;153;50;24;500
113;253;80;3;8;20;49;38;8;131;48;32;370
117;255;80;3;20;29;56;40;12;151;50;32;370
118;259;80;3;8;20;46;38;8;108;46;25;470
122;250;80;3;20;29;78;43;15;171;51;35;540
127;255;80;4;15;27;65;41;17;202;53;43;580
121;257;80;4;45;38;96;45;20;316;57;54;580
128;259;80;4;13;25;63;41;20;255;55;48;510
136;252;80;4;73;42;80;43;22;272;56;55;610
137;255;80;4;78;43;80;43;30;380;59;64;460
131;257;80;4;27;32;80;43;17;246;55;51;730
133;259;80;4;22;30;71;42;20;252;55;49;580
141;257;80;4;15;27;49;38;13;216;53;35;460
143;259;80;4;324;57;59;40;22;237;54;60;520
116;262;80;3;11;23;81;43;12;156;50;25;515
122;260;80;3;25;32;70;42;13;160;50;27;480
126;262;80;3;27;32;63;41;12;136;49;20;400
123;263;80;3;22;30;71;42;15;243;54;41;515
127;265;80;3;16;27;65;41;18;156;50;50;410
132;260;80;4;30;34;75;43;22;196;52;60;430
136;262;80;3;49;38;74;43;20;230;54;58;410
137;265;80;3;20;29;56;40;16;120;47;37;470
138;269;80;3;12;24;48;38;10;162;50;48;570
142;260;80;4;50;39;50;39;20;160;50;65;510
126;272;80;3;5;16;51;39;5;103;46;46;500
127;275;80;3;10;23;50;39;16;81;43;25;430
128;279;80;2;10;23;51;39;13;78;43;27;360
136;272;80;3;16;27;50;39;16;141;49;45;400
137;275;80;4;24;31;76;43;25;232;54;90;630
131;277;80;2;13;25;45;38;17;105;46;56;400
138;279;80;3;18;28;59;40;22;150;50;40;500
141;277;80;3;22;30;46;38;18;143;49;27;320
126;282;80;3;10;23;65;41;17;93;45;20;420
127;285;80;3;8;20;50;39;15;98;45;18;400
137;285;80;2;16;27;41;37;18;116;47;22;340
133;289;80;3;3;10;54;39;20;48;38;32;419
138;289;80;3;18;28;44;37;20;135;49;27;360
126;292;80;3;8;20;44;37;17;83;44;20;530
127;295;80;3;10;23;39;36;17;126;48;16;450
132;290;80;3;13;25;50;39;17;126;48;25;380
133;293;80;3;12;24;54;39;18;170;51;37;460
131;297;80;2;10;23;43;37;20;113;47;22;360
133;299;80;2;13;25;55;40;17;108;46;27;330
132;300;80;3;10;23;45;38;20;155;50;25;410
136;302;80;2;8;20;45;38;17;113;47;22;330
133;303;80;2;16;27;32;34;17;105;46;22;270
88;209;80;3;3;10;49;38;8;90;44;12;345
78;219;80;2;3;10;45;38;8;138;49;17;337
89;211;80;2;6;17;53;39;10;126;48;15;327
83;213;80;2;3;10;40;36;8;108;46;12;400
87;215;80;3;6;17;53;39;10;128;48;17;427
88;219;80;2;4;13;45;38;10;141;49;16;455
92;210;80;2;6;17;46;38;8;111;47;13;327
93;213;80;2;4;13;48;38;8;98;45;12;427
97;215;80;2;6;17;54;39;12;155;50;20;355
103;213;80;3;2;6;45;38;12;75;43;27;455
69;221;80;2;4;13;40;36;12;170;51;22;464
67;225;80;2;15;27;54;39;17;151;50;50;360
72;220;80;2;12;24;35;35;15;131;48;35;360
79;221;80;2;3;10;40;36;11;120;47;17;427
77;225;80;2;4;13;40;36;16;98;45;15;482
78;229;80;2;5;16;39;36;12;131;48;17;382
82;220;80;3;5;16;41;37;15;59;40;12;540
83;223;80;2;5;16;37;36;12;146;49;13;455
87;225;80;2;10;23;51;39;18;118;47;12;477
88;229;80;5;6;17;53;39;15;135;49;20;645
99;221;80;3;15;27;54;39;18;197;52;35;460
93;223;80;3;12;24;50;39;17;123;48;22;430
97;225;80;2;13;25;45;38;15;131;48;15;410
98;229;80;3;13;25;39;36;17;138;49;11;420
69;231;80;2;4;13;50;39;12;120;47;22;327
63;233;80;2;12;24;45;38;17;108;46;13;410
79;231;80;2;3;10;34;35;12;98;45;10;455
73;233;80;2;5;16;40;36;12;141;49;12;364
77;235;80;2;5;16;43;37;11;141;49;12;527
78;239;80;2;16;27;50;39;17;146;49;10;350
82;230;80;2;5;16;55;40;12;146;49;15;464
89;231;80;2;5;16;45;38;12;128;48;15;427
83;233;80;3;15;27;69;42;17;163;50;17;680
87;235;80;2;3;10;40;36;10;126;48;11;527
92;230;80;2;6;17;48;38;10;151;50;13;372
93;233;80;3;12;24;78;43;16;208;53;15;645
97;235;80;3;8;20;54;39;13;105;46;13;670
98;239;80;2;8;20;53;39;16;123;48;16;380
72;240;80;2;11;23;43;37;13;61;41;12;459
79;241;80;2;2;6;39;36;13;78;43;8;549
82;240;80;2;4;13;40;36;11;78;43;6;414
83;243;80;2;5;16;37;36;15;105;46;8;422
87;245;80;3;13;25;78;43;18;111;47;8;675
88;249;80;2;3;10;41;37;12;83;44;11;342
92;240;80;2;4;13;40;36;12;91;45;12;440
99;241;80;3;8;20;59;40;17;197;52;15;540
97;245;80;2;2;6;41;37;15;78;43;22;504
98;249;80;2;4;13;40;36;12;86;44;17;315
102;240;80;3;8;20;71;42;15;197;52;20;460
103;243;80;3;11;23;45;38;13;118;47;12;414
108;249;80;3;15;27;60;40;22;116;47;32;648
79;251;80;2;6;17;44;37;15;65;41;16;530
82;250;80;2;6;17;44;37;22;108;46;17;414
89;251;80;3;8;20;41;37;18;170;51;20;395
88;259;80;3;6;17;46;38;13;158;50;17;560
92;250;80;3;6;17;40;36;13;111;47;17;430
99;251;80;2;8;20;65;41;13;141;49;20;350
93;253;80;2;5;16;34;35;13;78;43;16;332
98;259;80;2;5;16;43;37;13;95;45;16;459
102;250;80;3;4;13;41;37;17;148;49;20;422
109;251;80;3;6;17;41;37;12;121;47;17;490
103;253;80;3;13;25;48;38;17;187;52;25;580
107;255;80;3;12;24;51;39;17;172;51;27;440
77;265;80;3;10;23;43;37;17;105;46;13;440
82;260;80;3;8;20;48;38;15;172;51;12;590
83;263;80;2;8;20;37;36;12;96;45;13;450
87;265;80;2;11;23;56;40;13;98;45;6;430
88;269;80;2;8;20;43;37;13;96;45;17;520
93;263;80;2;10;23;48;38;15;108;46;13;390
98;269;80;3;11;23;25;32;16;108;46;10;390
109;261;80;2;6;17;51;39;13;141;49;22;367
107;265;80;2;8;20;54;39;15;121;47;11;530
108;269;80;2;5;16;45;38;12;96;45;11;265
112;260;80;3;11;23;55;40;15;138;49;20;520
113;263;80;3;6;17;58;40;20;96;45;22;477
87;275;80;3;12;24;51;39;15;138;49;13;380
99;271;80;2;8;20;40;36;15;93;45;13;450
93;273;80;2;8;20;39;36;12;71;42;10;370
97;275;80;2;6;17;37;36;11;79;43;12;367
102;270;80;2;6;17;44;37;13;126;48;13;367
103;273;80;2;5;16;44;37;15;54;39;13;467
107;275;80;3;8;20;53;39;13;163;50;20;540
112;270;80;3;4;13;35;35;10;93;45;11;377
117;275;80;3;10;23;60;40;17;172;51;20;490
118;279;80;3;6;17;110;47;15;93;45;20;357
123;273;80;3;6;17;45;38;12;106;46;18;367
97;285;80;2;4;13;30;34;11;73;42;8;245
102;280;80;2;5;16;44;37;13;111;47;13;367
103;283;80;3;6;17;34;35;12;130;48;16;367
107;285;80;3;6;17;58;40;13;91;45;15;612
108;289;80;2;4;13;32;34;13;75;43;17;390
119;281;80;3;6;17;59;40;15;93;45;17;387
113;283;80;3;10;23;53;39;22;64;41;69;387
117;285;80;4;4;13;74;43;17;111;47;27;510
118;289;80;3;6;17;45;38;15;85;44;32;347
122;280;80;3;5;16;56;40;13;115;47;20;407
123;283;80;3;4;13;39;36;15;73;42;10;337
109;291;80;2;3;10;30;34;13;58;40;11;407
112;290;80;3;4;13;40;36;17;81;43;10;265
119;291;80;3;4;13;43;37;17;118;47;20;449
113;293;80;2;2;6;49;38;20;48;38;30;325
118;299;80;2;3;10;32;34;15;73;42;17;367
122;290;80;2;2;6;37;36;15;70;42;18;286
128;299;80;3;4;13;32;34;13;103;46;17;306
109;301;80;3;5;16;40;36;13;51;39;17;337
107;305;80;2;4;13;37;36;17;48;38;27;357
112;300;80;3;1;0;43;37;17;66;41;27;325
118;309;80;2;5;16;30;34;13;96;45;27;316
122;300;80;2;6;17;35;35;17;85;44;24;286
129;301;80;2;6;17;37;36;16;103;46;22;377
123;303;80;2;6;17;35;35;15;85;44;12;316
49;23;80;4;6;17;74;43;22;288;56;32;693
45;22;80;6;16;27;105;46;30;465;61;71;693
43;24;80;5;11;23;78;43;20;242;54;34;422
55;36;80;6;16;27;126;48;22;242;54;54;675
44;29;80;5;11;23;95;45;17;156;50;37;639
43;34;80;4;8;20;103;46;25;193;52;30;648
78;36;80;8;16;27;70;42;20;230;54;15;630
67;35;80;4;10;23;55;40;16;211;53;25;459
66;35;80;4;6;17;63;41;17;165;51;17;414
38;47;80;3;8;20;74;43;15;211;53;40;602
32;58;80;7;16;27;81;43;18;477;61;45;710
79;42;80;7;17;28;80;43;20;297;56;35;390
81;46;80;8;22;30;64;41;18;268;55;29;429
83;52;80;6;17;28;55;40;20;240;54;37;310
50;18;80;6;27;32;71;42;20;404;60;49;460
51;24;80;9;30;34;172;51;25;450;61;55;520
34;37;80;7;35;35;140;49;39;477;61;69;660
38;65;80;6;16;27;75;43;24;267;55;37;390
32;66;80;7;44;37;113;47;45;440;60;83;650
29;66;80;7;24;31;86;44;27;462;61;50;620
30;60;80;6;27;32;80;43;27;467;61;56;660
32;60;80;7;18;28;91;45;32;297;56;55;540
49;51;80;6;20;29;83;44;22;360;58;45;550
43;50;80;8;24;31;93;45;25;580;63;55;530
45;47;80;6;16;27;83;44;24;437;60;50;530
48;48;80;6;15;27;75;43;20;352;58;35;420
48;61;80;7;11;23;76;43;17;187;52;25;470
34;47;80;10;18;28;123;48;30;517;62;59;1340
33;52;80;14;13;25;91;45;22;515;62;48;494
24;74;80;4;22;30;81;43;20;382;59;37;460
25;82;80;4;50;39;59;40;17;212;53;34;250
79;59;80;11;15;27;65;41;35;203;53;25;530
80;61;80;5;12;24;54;39;20;195;52;27;430
21;92;80;5;12;24;60;40;12;143;49;22;480
19;95;80;4;11;23;75;43;15;237;54;30;380
99;66;80;6;22;30;70;42;20;377;59;30;577
101;62;80;7;29;33;80;43;29;449;61;32;680
107;71;80;8;13;25;56;40;12;352;58;32;635
103;302;80;2;5;16;75;43;30;56;40;60;369
98;307;80;2;6;17;35;35;17;32;34;17;296
93;307;80;2;5;16;27;32;18;54;39;12;630
87;292;80;2;13;25;34;35;22;54;39;30;422
98;282;80;2;2;6;55;40;20;68;42;17;459
75;266;80;2;3;10;45;38;15;78;43;6;387
79;266;80;3;8;20;43;37;17;162;50;8;639
80;256;80;3;2;6;39;36;25;116;47;12;639
76;259;80;3;2;6;37;36;20;100;46;8;530
73;262;80;3;4;13;41;37;20;81;43;4;675
73;266;80;2;3;10;30;34;17;68;42;13;639
75;273;80;2;1;0;59;40;20;81;43;6;540
76;276;80;3;4;13;79;43;12;81;43;8;881
80;273;80;2;3;10;44;37;17;108;46;5;387
84;269;80;3;6;17;37;36;15;108;46;8;639
83;266;80;4;6;17;40;36;15;135;49;10;422
78;269;80;3;1;0;32;34;12;108;46;6;639
78;262;80;4;1;0;37;36;20;126;48;8;530
86;295;80;2;1;0;15;27;24;35;35;1;350
84;297;80;2;17;28;40;36;22;78;43;35;350
83;292;80;2;4;13;50;39;18;68;42;15;918
78;277;80;3;8;20;68;42;32;27;32;18;450
78;282;80;2;3;10;32;34;20;59;40;11;395
88;277;80;2;3;10;35;35;18;78;43;16;315
83;277;80;2;20;29;50;39;25;49;38;60;405
78;287;80;3;12;24;48;38;27;68;42;13;755
79;259;80;2;4;13;30;34;18;100;46;5;522
71;271;80;2;12;24;37;36;20;108;46;12;369
88;282;80;3;22;30;44;37;25;105;46;40;422
83;287;80;3;4;13;39;36;16;75;43;6;405
83;282;80;6;2;6;44;37;16;75;43;13;746
86;285;80;3;5;16;44;37;18;32;34;12;360
47;31;75;6;13;25;69;42;30;470;61;37;605
46;37;75;7;22;30;98;45;27;362;58;79;850
50;39;75;9;27;32;103;46;16;221;53;93;940
55;35;75;8;20;29;95;45;30;651;64;108;850
52;36;75;9;16;27;66;41;30;540;62;65;680
59;36;75;8;20;29;110;47;96;604;64;275;760
56;38;75;10;22;30;101;46;40;790;66;75;935
60;39;75;8;20;29;71;42;39;564;63;93;781
62;35;75;8;22;30;80;43;54;519;62;125;620
62;36;75;8;24;31;98;45;53;853;67;187;930
66;37;75;8;10;23;81;43;32;320;57;43;900
63;38;75;9;18;28;95;45;40;689;65;93;1210
39;46;75;9;27;32;103;46;17;810;66;83;800
36;47;75;11;45;38;130;48;27;250;55;123;1400
33;48;75;8;10;23;76;43;34;665;64;45;890
36;48;75;12;40;36;111;47;29;216;53;121;1480
41;43;75;9;13;25;79;43;30;625;64;69;690
54;41;75;7;20;29;83;44;35;695;65;70;870
67;40;75;9;17;28;79;43;29;615;64;44;795
40;50;75;8;17;28;103;46;12;708;65;81;670
31;52;75;7;22;30;81;43;17;585;63;88;720
36;57;75;9;17;28;75;43;25;709;65;65;930
41;52;75;6;30;34;86;44;35;740;66;32;654
42;55;75;8;8;20;56;40;27;544;62;49;760
42;56;75;8;32;34;85;44;37;651;64;35;714
30;60;75;9;41;37;116;47;48;799;66;39;1110
27;61;75;9;17;28;116;47;37;734;65;79;1170
28;63;75;11;43;37;120;47;45;804;66;45;1450
25;65;75;14;27;32;101;46;44;970;68;81;630
29;66;75;9;25;32;120;47;44;1030;69;103;750
26;68;75;6;43;37;128;48;49;780;66;103;1140
27;70;75;9;50;39;151;50;69;128;48;197;930
27;71;75;8;68;42;140;49;58;1300;71;121;1060
26;77;75;9;34;35;78;43;40;650;64;78;550
20;80;75;8;59;40;70;42;45;454;61;74;515
20;89;75;8;25;32;86;44;46;630;64;60;644
20;90;75;10;30;34;75;43;46;509;62;49;680
18;93;75;8;11;23;68;42;30;490;61;50;840
19;96;75;9;18;28;81;43;27;500;62;49;744
20;99;75;8;11;23;85;44;32;565;63;54;920
20;100;75;9;20;29;83;44;41;545;63;69;615
100;60;75;8;18;28;88;44;25;297;56;30;750
99;66;75;6;22;30;70;42;20;377;59;27;577
104;61;75;8;29;33;88;44;25;555;63;63;680
101;62;75;7;11;23;80;43;29;449;61;32;1050
105;64;75;6;29;33;106;46;32;670;65;60;680
105;65;75;8;17;28;64;41;25;507;62;18;770
106;67;75;8;32;34;79;43;40;444;60;32;700
104;71;75;6;24;31;68;42;12;427;60;35;585
107;71;75;8;13;25;56;40;4;352;58;27;635
108;73;75;8;20;29;76;43;29;470;61;53;637
38;38;75;10;20;29;93;45;34;656;64;81;1180
58;38;75;8;12;24;111;47;37;570;63;103;800
38;48;75;8;17;28;108;46;32;720;65;83;1550
28;58;75;6;17;28;98;45;40;671;65;76;940
43;53;75;7;22;30;101;46;32;684;65;69;771
28;68;75;10;27;32;93;45;35;949;68;93;888
23;73;75;8;17;28;91;45;51;537;62;40;637
23;83;75;7;30;34;76;43;32;550;63;60;475
23;93;75;7;22;30;88;44;30;743;66;59;686
44;41;75;8;11;23;51;39;29;474;61;53;770
48;43;75;8;25;32;95;45;41;656;64;146;650
42;45;75;8;27;32;113;47;55;1120;70;120;754
46;47;75;8;11;23;70;42;27;585;63;37;640
50;49;75;9;12;24;70;42;25;390;59;25;860
58;43;75;6;22;30;85;44;35;691;65;59;694
52;45;75;8;18;28;68;42;40;695;65;58;700
60;49;75;7;17;28;81;43;27;900;68;45;688
65;44;75;7;11;23;81;43;2;640;64;43;700
66;47;75;6;17;28;69;42;22;540;62;20;715
63;48;75;9;22;30;88;44;17;479;61;70;840
71;42;75;15;18;28;83;44;45;860;67;68;1080
73;48;75;7;20;29;80;43;35;653;64;64;780
39;56;75;6;20;29;60;40;30;592;63;55;668
44;51;75;9;16;27;81;43;35;514;62;37;890
45;54;75;10;27;32;121;47;39;550;63;101;885
54;51;75;8;15;27;81;43;27;537;62;60;632
58;53;75;8;24;31;81;43;24;690;65;58;850
52;55;75;7;13;25;69;42;24;560;63;37;740
53;58;75;6;8;20;51;39;27;412;60;40;754
67;50;75;10;22;30;68;42;39;660;64;63;900
68;53;75;6;20;29;65;41;22;382;59;35;760
62;55;75;7;25;32;64;41;8;449;61;51;595
69;56;75;6;22;30;56;40;32;377;59;32;620
66;57;75;7;11;23;69;42;25;407;60;41;340
77;50;75;7;40;36;106;46;43;660;64;70;830
74;51;75;8;2;6;51;39;20;317;57;24;600
78;53;75;6;12;24;61;41;29;450;61;40;467
76;57;75;11;16;27;65;41;55;555;63;44;700
37;60;75;10;17;28;83;44;27;746;66;75;970
38;63;75;10;39;36;83;44;32;851;67;81;1130
39;66;75;6;25;32;75;43;35;565;63;50;900
33;68;75;10;13;25;93;45;15;1070;69;71;835
41;62;75;7;17;28;69;42;24;580;63;51;780
49;66;75;5;17;28;79;43;30;505;62;53;715
46;67;75;6;27;32;86;44;35;620;64;81;650
43;68;75;6;17;28;74;43;25;495;62;44;870
51;62;75;7;15;27;103;46;32;637;64;50;674
55;64;75;8;35;35;103;46;44;296;56;79;751
56;67;75;5;13;25;71;42;29;339;58;100;640
60;69;75;6;10;23;91;45;35;287;56;40;840
64;61;75;4;11;23;73;42;22;240;54;34;555
61;62;75;6;18;28;86;44;35;565;63;43;564
62;65;75;8;10;23;78;43;40;258;55;61;574
70;69;75;8;15;27;63;41;22;210;53;30;570
77;60;75;8;20;29;58;40;25;419;60;32;60
71;62;75;7;29;33;60;40;29;490;61;60;800
78;63;75;8;17;28;66;41;30;490;61;39;425
76;67;75;7;12;24;48;38;30;457;61;25;661
28;73;75;6;22;30;75;43;45;547;63;56;795
30;79;75;8;79;43;81;43;34;826;67;116;790
37;70;75;7;27;32;93;45;40;851;67;90;720
31;72;75;7;13;25;81;43;34;715;65;116;770
36;77;75;5;30;34;80;43;30;347;58;35;1040
33;78;75;7;25;32;101;46;37;675;65;58;650
40;79;75;4;35;35;106;46;37;440;60;50;940
47;70;75;7;22;30;103;46;29;529;62;43;705
41;72;75;9;20;29;83;44;53;1200;70;75;720
45;74;75;6;12;24;76;43;25;325;57;40;780
49;76;75;6;45;38;93;45;50;675;65;81;614
43;78;75;7;16;27;59;40;24;375;59;50;660
50;79;75;12;3;10;91;45;37;432;60;50;1020
57;70;75;5;6;17;51;39;20;290;56;25;410
58;73;75;7;13;25;74;43;27;362;58;43;620
55;74;75;5;17;28;51;39;27;345;58;37;691
59;76;75;6;17;28;58;40;35;389;59;46;678
68;73;75;8;17;28;68;42;30;370;59;34;580
63;78;75;9;18;28;54;39;35;370;59;27;597
74;71;75;4;12;24;71;42;24;427;60;39;510
75;74;75;6;13;25;58;40;32;287;56;25;460
72;75;75;8;22;30;88;44;37;389;59;96;704
79;76;75;6;15;27;76;43;34;417;60;48;660
76;77;75;9;17;28;60;40;32;425;60;46;738
81;72;75;5;12;24;80;43;32;296;56;20;587
82;75;75;7;22;30;68;42;40;397;59;8;520
28;83;75;5;156;50;85;44;49;575;63;88;810
29;86;75;7;138;49;83;44;30;495;62;76;890
37;80;75;6;66;41;105;46;35;567;63;79;640
34;81;75;7;50;39;95;45;40;459;61;75;1160
31;82;75;5;263;55;69;42;17;482;61;69;554
32;85;75;6;442;60;120;47;25;640;64;103;750
47;80;75;7;12;24;69;42;30;340;58;39;395
41;82;75;9;53;39;25;32;50;389;59;80;674
42;85;75;4;32;34;65;41;30;342;58;54;545
46;87;75;4;43;37;68;42;32;434;60;50;615
57;80;75;5;27;32;83;44;29;365;58;35;610
51;82;75;5;30;34;101;46;30;121;47;40;795
58;83;75;6;39;36;93;45;20;352;58;59;641
52;85;75;5;27;32;83;44;37;678;65;65;651
53;88;75;5;13;25;79;43;20;113;47;30;660
67;80;75;6;12;24;69;42;29;407;60;45;680
64;81;75;5;25;32;76;43;30;440;60;35;635
68;83;75;5;30;34;75;43;37;415;60;34;512
69;86;75;4;27;32;76;43;45;337;58;81;630
70;89;75;6;49;38;105;46;44;455;61;45;820
71;82;75;5;16;27;71;42;43;382;59;146;750
78;83;75;6;20;29;210;53;35;525;62;53;1250
75;84;75;6;25;32;88;44;32;395;59;49;880
73;88;75;5;8;20;74;43;40;317;57;83;690
80;89;75;5;29;33;61;41;37;395;59;49;644
27;90;75;6;40;36;76;43;35;624;64;68;625
28;93;75;6;3;10;80;43;46;695;65;78;560
29;96;75;7;18;28;64;41;34;455;61;51;730
47;90;75;6;50;39;80;43;48;592;63;79;711
44;91;75;4;40;36;66;41;48;243;54;79;475
54;91;75;5;39;36;85;44;32;172;51;48;630
58;93;75;7;25;32;49;38;29;460;61;40;920
59;96;75;5;24;31;66;41;29;420;60;41;355
56;97;75;6;27;32;70;42;32;557;63;56;780
67;90;75;7;20;29;75;43;32;357;58;103;720
65;94;75;6;25;32;86;44;32;653;64;50;650
77;90;75;8;41;37;146;49;65;285;56;106;995
75;94;75;5;20;29;106;46;49;367;59;93;1000
72;95;75;10;15;27;141;49;44;427;60;65;1010
73;98;75;4;11;23;50;39;22;297;56;24;674
81;92;75;6;20;29;55;40;35;417;60;75;632
82;95;75;7;12;24;83;44;37;325;57;51;770
86;97;75;8;25;32;80;43;40;397;59;40;630
90;99;75;7;15;27;74;43;34;605;64;65;810
96;97;75;6;25;32;68;42;45;607;64;83;820
93;98;75;9;40;36;86;44;45;803;66;40;790
100;99;75;5;22;30;60;40;25;372;59;27;562
28;103;75;6;13;25;75;43;32;392;59;88;750
25;104;75;5;29;33;111;47;41;567;63;76;870
34;101;75;8;27;32;81;43;46;675;65;59;690
31;102;75;4;25;32;75;43;29;300;57;55;600
57;100;75;6;27;32;81;43;32;372;59;51;678
59;106;75;6;181;51;71;42;65;629;64;35;960
56;107;75;7;73;42;85;44;71;713;65;300;768
67;100;75;7;20;29;80;43;43;457;61;48;800
68;103;75;5;22;30;101;46;37;387;59;55;470
69;106;75;6;32;34;78;43;40;549;63;51;760
66;107;75;5;55;40;73;42;41;435;60;20;602
74;101;75;6;88;44;101;46;55;445;60;20;684
78;103;75;5;32;34;69;42;45;397;59;90;740
72;105;75;6;45;38;103;46;45;474;61;49;880
79;106;75;5;91;45;175;51;105;524;62;131;850
76;107;75;4;83;44;90;44;61;455;61;58;1000
84;101;75;7;41;37;101;46;35;542;62;70;670
88;103;75;6;32;34;90;44;45;504;62;105;750
85;104;75;6;88;44;100;46;58;504;62;35;840
82;105;75;7;50;39;108;46;56;352;58;55;1080
83;108;75;6;39;36;75;43;48;347;58;51;612
97;100;75;6;35;35;90;44;56;813;67;69;970
94;101;75;11;35;35;116;47;50;570;63;64;555
92;105;75;6;27;32;76;43;37;505;62;54;602
100;109;75;5;20;29;71;42;32;504;62;49;754
104;101;75;9;22;30;85;44;37;487;61;73;1180
106;107;75;5;18;28;70;42;34;390;59;34;784
103;108;75;4;20;29;75;43;30;252;55;54;850
56;117;75;8;22;30;79;43;41;425;60;43;980
60;119;75;5;25;32;91;45;45;432;60;168;700
61;112;75;5;20;29;113;47;50;575;63;63;1010
68;113;75;4;55;40;83;44;48;407;60;60;760
63;118;75;5;35;35;75;43;39;532;62;45;740
70;119;75;6;162;50;80;43;101;620;64;126;768
77;110;75;4;79;43;106;46;85;422;60;116;770
71;112;75;7;65;41;103;46;75;519;62;60;138
78;113;75;8;61;41;118;47;81;605;64;65;1250
73;118;75;6;76;43;71;42;60;342;58;32;900
87;110;75;6;27;32;68;42;39;390;59;44;485
84;111;75;4;27;32;70;42;48;342;58;48;660
81;112;75;5;95;45;190;52;81;587;63;141;920
97;110;75;6;20;29;128;48;55;307;57;54;700
91;112;75;6;32;34;73;42;40;342;58;35;634
99;116;75;5;20;29;66;41;25;362;58;43;705
93;118;75;6;30;34;74;43;58;482;61;217;570
104;111;75;6;17;28;50;39;40;397;59;37;744
101;112;75;7;18;28;91;45;32;475;61;60;730
105;114;75;8;25;32;105;46;48;454;61;156;685
109;116;75;4;11;23;64;41;17;181;51;20;495
103;118;75;6;13;25;80;43;32;342;58;32;655
77;120;75;5;58;40;93;45;60;240;54;41;890
78;123;75;5;317;57;111;47;121;602;64;63;906
87;120;75;6;45;38;75;43;40;425;60;27;658
81;122;75;6;39;36;85;44;49;347;58;37;920
85;124;75;6;53;39;81;43;40;360;58;45;495
89;126;75;5;44;37;71;42;40;268;55;37;482
94;121;75;5;16;27;54;39;30;270;55;27;537
91;122;75;6;96;45;116;47;71;312;57;141;440
92;125;75;6;37;36;81;43;40;324;57;43;730
93;128;75;5;13;25;78;43;27;242;54;27;830
104;121;75;4;17;28;78;43;35;369;59;39;590
102;125;75;5;15;27;75;43;32;272;56;24;604
87;130;75;6;101;46;65;41;59;168;51;40;470
88;133;75;6;145;49;113;47;50;370;59;71;930
94;131;75;10;22;30;96;45;43;268;55;24;980
91;132;75;8;18;28;49;38;35;101;46;65;342
68;48;75;7;17;28;10;23;32;730;65;60;970
58;58;75;7;10;23;65;41;25;459;61;43;830
78;58;75;9;15;27;78;43;15;492;61;51;655
38;68;75;8;22;30;118;47;40;839;67;86;753
68;68;75;6;11;23;59;40;24;327;57;27;544
68;78;75;8;39;36;128;48;46;806;66;78;849
28;88;75;8;32;34;108;46;46;1110;70;83;750
48;88;75;4;32;34;74;43;34;382;59;40;630
68;88;75;7;16;27;59;40;34;420;60;46;584
58;98;75;6;30;34;65;41;37;474;61;64;810
78;98;75;5;12;24;81;43;34;145;49;39;550
98;108;75;8;39;36;75;43;50;442;60;103;815
58;118;75;6;55;40;85;44;45;756;66;66;675
88;118;75;7;48;38;96;45;70;705;65;91;985
98;128;75;5;20;29;81;43;25;355;58;39;625
35;104;75;9;22;30;65;41;40;482;61;45;701
42;105;75;6;20;29;69;42;39;457;61;60;650
46;107;75;6;12;24;78;43;41;272;56;60;810
43;108;75;9;60;40;83;44;48;750;66;37;940
50;109;75;7;68;42;71;42;39;557;63;35;748
28;113;75;8;17;28;71;42;29;519;62;45;592
30;119;75;4;13;25;58;40;25;434;60;39;515
37;110;75;10;27;32;80;43;39;765;66;76;771
31;112;75;7;24;31;83;44;43;620;64;93;780
36;117;75;7;29;33;70;42;34;454;61;44;575
47;110;75;7;30;34;55;40;30;425;60;22;880
41;112;75;5;12;24;51;39;25;317;57;37;580
48;113;75;8;50;39;66;41;34;639;64;40;950
46;117;75;7;40;36;43;37;34;387;59;24;648
38;123;75;5;40;36;79;43;35;570;63;32;695
36;127;75;4;16;27;68;42;37;395;59;34;517
40;129;75;5;13;25;65;41;27;387;59;32;600
47;120;75;8;156;50;74;43;105;774;66;75;1080
41;122;75;6;20;29;73;42;29;447;61;32;699
45;124;75;6;45;38;55;40;32;322;57;11;637
58;123;75;5;20;29;56;40;30;545;63;40;540
55;124;75;11;30;34;61;41;37;405;60;37;1070
52;125;75;5;24;31;75;43;29;450;61;20;840
60;129;75;6;22;30;65;41;40;138;49;27;655
61;122;75;5;27;32;78;43;30;450;61;64;764
68;123;75;6;54;39;111;47;63;266;55;43;1430
62;125;75;8;30;34;68;42;46;454;61;43;738
70;129;75;7;30;34;111;47;66;864;67;50;939
73;128;75;5;48;38;75;43;46;272;56;30;557
80;129;75;8;25;32;78;43;45;367;59;30;1080
37;130;75;10;18;28;103;46;37;780;66;63;595
38;133;75;5;13;25;71;42;35;425;60;32;685
35;134;75;6;10;23;51;39;22;412;60;27;540
40;139;75;6;15;27;61;41;34;435;60;37;564
48;133;75;5;25;32;61;41;34;437;60;88;590
46;137;75;8;12;24;50;39;34;324;57;25;450
50;139;75;5;12;24;40;36;20;325;57;29;554
51;132;75;6;41;37;55;40;50;537;62;56;648
55;134;75;4;12;24;61;41;20;160;50;20;920
52;135;75;5;12;24;63;41;20;367;59;32;590
56;137;75;8;15;27;61;41;27;575;63;58;790
53;138;75;4;17;28;51;39;18;325;57;32;544
68;133;75;5;106;46;116;47;80;735;65;177;880
66;137;75;3;83;44;93;45;93;377;59;50;594
70;139;75;4;20;29;70;42;27;310;57;37;607
78;133;75;5;128;48;81;43;65;454;61;76;710
75;134;75;6;106;46;93;45;48;464;61;43;970
76;137;75;5;37;36;68;42;17;415;60;53;587
85;134;75;4;58;40;91;45;55;389;59;75;695
83;138;75;5;45;38;101;46;56;261;55;54;780
37;140;75;4;12;24;60;40;27;412;60;64;570
38;143;75;6;8;20;43;37;25;277;56;24;494
35;144;75;8;12;24;50;39;18;390;59;30;405
40;149;75;7;16;27;50;39;22;372;59;18;730
47;140;75;5;8;20;54;39;24;306;57;40;515
48;143;75;4;11;23;50;39;20;228;54;17;492
46;147;75;5;17;28;44;37;16;342;58;25;524
50;149;75;4;10;23;56;40;22;360;58;30;475
57;140;75;3;37;36;70;42;22;324;57;35;515
58;143;75;4;24;31;70;42;3;330;57;27;442
52;145;75;5;18;28;53;39;17;324;57;27;550
53;148;75;6;12;24;80;43;29;422;60;39;760
60;149;75;4;22;30;73;42;20;415;60;45;630
61;142;75;4;22;30;68;42;25;846;67;30;630
65;144;75;4;27;32;71;42;29;372;59;24;520
62;145;75;4;12;24;63;41;20;300;57;30;315
63;148;75;4;35;35;64;41;29;327;57;18;630
70;149;75;4;10;23;54;39;22;252;55;25;670
78;143;75;4;8;20;76;43;32;228;54;35;497
72;145;75;4;24;31;78;43;34;241;54;51;780
73;148;75;5;22;30;70;42;29;278;56;20;660
80;149;75;6;18;28;96;45;43;162;50;40;1020
87;140;75;6;48;38;65;41;43;440;60;70;600
81;142;75;4;32;34;75;43;39;342;58;46;550
85;144;75;5;39;36;68;42;40;287;56;46;465
82;145;75;6;22;30;98;45;34;280;56;35;995
83;148;75;7;18;28;71;42;37;380;59;143;627
36;157;75;5;6;17;48;38;20;308;57;22;664
40;159;75;3;8;20;40;36;15;197;52;25;360
47;150;75;5;8;20;50;39;22;367;59;32;610
41;152;75;4;24;31;54;39;27;313;57;13;507
42;155;75;4;15;27;40;36;20;324;57;22;407
46;157;75;4;6;17;40;36;15;300;57;17;460
43;158;75;4;10;23;54;39;25;761;66;16;272
57;150;75;5;17;28;50;39;24;315;57;8;641
51;152;75;5;15;27;65;41;20;310;57;25;500
58;153;75;4;22;30;66;41;20;410;60;39;365
55;154;75;3;6;17;53;39;18;212;53;13;400
52;155;75;5;35;35;51;39;24;392;59;13;700
68;153;75;5;17;28;60;40;25;287;56;25;660
65;154;75;3;20;29;65;41;20;313;57;30;414
62;155;75;6;6;17;53;39;20;217;53;24;680
63;158;75;5;8;20;60;40;18;232;54;25;620
70;159;75;4;6;17;64;41;24;242;54;25;412
77;150;75;6;13;25;70;42;37;272;56;43;790
71;152;75;3;15;27;55;40;13;232;54;17;435
75;154;75;4;18;28;58;40;22;305;57;37;465
80;159;75;3;6;17;54;39;24;153;50;20;470
82;155;75;5;18;28;55;40;37;332;58;48;535
83;158;75;4;15;27;66;41;25;362;58;59;610
37;160;75;4;10;23;45;38;24;292;56;15;452
35;164;75;6;11;23;45;38;30;222;54;16;370
41;162;75;4;6;17;45;38;17;273;56;15;429
42;165;75;3;6;17;55;40;20;227;54;13;602
66;167;75;5;11;23;60;40;27;370;59;39;400
70;169;75;5;8;20;50;39;22;176;51;13;502
77;160;75;4;11;23;69;42;25;222;54;30;820
71;162;75;6;16;27;51;39;35;222;54;15;370
72;165;75;5;10;23;68;42;22;156;50;11;375
73;168;75;0;4;13;25;32;6;120;47;8;135
85;164;75;5;16;27;63;41;24;347;58;50;750
82;165;75;4;13;25;88;44;29;334;58;65;597
86;167;75;2;3;10;20;29;16;101;46;17;136
65;174;75;4;8;20;37;36;17;222;54;17;405
77;170;75;5;12;24;58;40;32;167;51;18;460
71;172;75;3;8;20;46;38;17;240;54;18;220
72;175;75;6;8;20;61;41;37;232;54;30;552
80;179;75;4;12;24;85;44;22;98;45;32;650
81;172;75;4;10;23;81;43;27;285;56;35;656
85;174;75;4;35;35;111;47;70;539;62;151;676
82;175;75;5;5;16;46;38;25;300;57;16;660
83;178;75;4;12;24;49;38;17;252;55;32;430
90;179;75;5;11;23;75;43;32;285;56;45;470
78;183;75;2;3;10;44;37;17;113;47;11;210
87;180;75;5;8;20;43;37;30;307;57;46;510
88;183;75;5;12;24;61;41;22;162;50;39;790
85;184;75;4;2;6;59;40;22;300;57;30;390
86;187;75;4;35;35;70;42;30;235;54;25;658
90;189;75;4;16;27;60;40;32;235;54;25;684
91;182;75;5;27;32;95;45;40;462;61;50;587
95;184;75;6;6;17;51;39;22;227;54;32;490
92;185;75;6;29;33;65;41;41;445;60;43;567
96;187;75;5;20;29;91;45;30;262;55;48;715
93;188;75;5;20;29;69;42;35;420;60;25;675
78;193;75;5;8;20;29;33;22;120;47;8;484
73;198;75;4;4;13;51;39;18;148;49;11;527
80;199;75;3;5;16;40;36;17;167;51;11;325
87;190;75;4;12;24;70;42;29;235;54;20;482
81;192;75;3;10;23;65;41;20;188;52;20;390
85;194;75;4;10;23;88;44;30;101;46;8;325
83;198;75;2;4;13;53;39;16;158;50;16;390
90;199;75;4;18;28;60;40;22;183;52;15;495
97;190;75;8;12;24;75;43;32;380;59;64;545
91;192;75;5;16;27;61;41;27;283;56;16;704
92;195;75;6;8;20;66;41;22;295;56;30;610
93;198;75;4;6;17;93;45;24;222;54;29;610
100;199;75;6;16;27;66;41;25;357;58;45;671
103;198;75;8;18;28;69;42;24;470;61;56;644
78;203;75;4;6;17;58;40;20;143;49;8;427
87;200;75;3;3;10;54;39;22;113;47;41;385
88;203;75;2;5;16;54;39;15;68;42;16;575
82;205;75;5;27;32;70;42;40;450;61;55;990
86;207;75;3;5;16;58;40;20;170;51;12;607
97;200;75;2;6;17;59;40;27;282;56;30;650
91;202;75;3;17;28;68;42;27;185;52;20;470
92;205;75;3;4;13;48;38;12;193;52;16;400
96;207;75;7;6;17;64;41;25;182;52;17;695
101;202;75;4;20;29;75;43;30;352;58;17;760
28;108;75;6;18;28;55;40;27;505;62;44;587
38;108;75;6;12;24;61;41;32;332;58;100;637
38;128;75;7;8;20;56;40;39;301;57;22;930
48;128;75;5;17;28;68;42;25;327;57;27;444
38;138;75;5;12;24;50;39;13;273;56;17;640
48;148;75;5;20;29;49;38;20;340;58;29;385
38;158;75;4;3;10;30;34;18;227;54;8;520
78;158;75;4;11;23;53;39;24;232;54;27;452
88;158;75;6;16;27;83;44;37;290;56;48;545
38;168;75;4;8;20;51;39;18;218;53;12;292
78;168;75;5;10;23;70;42;27;282;56;27;714
58;163;75;3;17;28;40;36;15;177;51;8;392
53;168;75;4;11;23;40;36;12;232;54;18;497
61;162;75;3;5;16;37;36;17;176;51;12;307
62;165;75;3;6;17;30;34;13;220;53;20;280
63;168;75;4;6;17;49;38;20;192;52;11;387
47;170;75;4;4;13;37;36;13;227;54;11;400
42;175;75;3;4;13;27;32;37;205;53;8;276
46;177;75;3;8;20;37;36;8;133;48;6;360
51;172;75;3;5;16;40;36;13;231;54;11;410
56;177;75;4;5;16;30;34;15;181;51;10;632
53;178;75;3;4;13;41;37;20;212;53;25;422
61;172;75;3;2;6;44;37;20;202;53;17;445
63;178;75;3;8;20;51;39;13;168;51;17;570
48;183;75;3;8;20;27;32;17;148;49;6;283
51;182;75;3;6;17;25;32;12;143;49;6;345
58;183;75;3;6;17;63;41;18;126;48;12;920
52;185;75;3;12;24;37;36;17;131;48;8;584
56;187;75;4;4;13;39;36;22;121;47;20;500
67;180;75;4;8;20;81;43;20;257;55;22;610
61;182;75;4;4;13;43;37;17;162;50;11;482
62;185;75;4;8;20;45;38;16;167;51;13;515
66;187;75;4;8;20;71;42;25;180;51;17;590
63;188;75;4;3;10;60;40;30;167;51;66;810
71;182;75;3;3;10;40;36;17;123;48;11;447
72;185;75;3;6;17;35;35;16;81;43;12;385
73;188;75;6;8;20;49;38;32;138;49;11;635
41;192;75;4;12;24;50;39;30;83;44;10;277
48;193;75;2;4;13;69;42;17;95;45;11;585
42;195;75;2;6;17;55;40;20;113;47;8;434
46;197;75;3;8;20;40;36;18;113;47;4;455
51;192;75;3;5;16;61;41;22;156;50;12;728
52;195;75;5;6;17;55;40;30;111;47;8;447
56;197;75;3;8;20;34;35;17;126;48;16;482
67;190;75;3;4;13;54;39;16;158;50;13;565
61;192;75;4;6;17;58;40;17;113;47;8;407
66;197;75;5;13;25;60;40;22;240;54;16;575
63;198;75;4;17;28;56;40;22;176;51;13;668
77;190;75;3;6;17;51;39;20;148;49;13;365
47;200;75;3;12;24;41;37;20;131;48;6;372
48;203;75;2;8;20;37;36;12;88;44;10;424
42;205;75;1;4;13;41;37;11;22;30;5;405
43;208;75;2;4;13;34;35;11;88;44;8;290
57;200;75;3;11;23;45;38;17;133;48;16;507
51;202;75;2;6;17;50;39;22;118;47;12;575
58;203;75;3;5;16;43;37;17;143;49;12;685
56;207;75;3;5;16;45;38;12;166;51;12;500
67;200;75;4;4;13;65;41;16;180;51;12;180
61;202;75;3;3;10;39;36;16;100;46;6;1030
62;205;75;3;10;23;46;38;12;162;50;10;635
66;207;75;3;8;20;55;40;12;136;49;8;619
63;208;75;4;5;16;37;36;15;171;51;8;500
71;202;75;7;10;23;61;41;25;250;55;30;472
72;205;75;3;12;24;50;39;16;160;50;12;454
73;208;75;3;12;24;45;38;8;162;50;12;404
102;205;75;5;6;17;65;41;18;240;54;25;405
103;208;75;4;12;24;48;38;18;250;55;22;641
111;202;75;6;15;27;108;46;40;287;56;143;444
112;205;75;6;13;25;64;41;30;296;56;29;452
116;207;75;6;13;25;70;42;45;427;60;43;800
113;208;75;6;27;32;81;43;35;315;57;51;557
68;213;75;3;4;13;49;38;12;126;48;6;500
63;218;75;2;10;23;51;39;20;138;49;32;375
77;210;75;3;12;24;49;38;22;202;53;16;442
101;212;75;4;8;20;55;40;20;217;53;16;940
106;217;75;4;8;20;78;43;20;197;52;13;544
117;210;75;5;10;23;80;43;27;325;57;80;650
111;212;75;5;8;20;61;41;18;285;56;24;600
116;217;75;7;20;29;93;45;27;550;63;35;470
113;218;75;6;8;20;100;46;27;382;59;24;656
123;218;75;8;12;24;158;50;24;500;62;32;632
57;220;75;2;5;16;39;36;17;91;45;5;354
56;227;75;3;5;16;40;36;25;128;48;8;292
67;220;75;6;46;38;83;44;50;715;65;60;785
61;222;75;1;17;28;48;38;73;118;47;8;226
63;228;75;6;8;20;35;35;30;241;54;20;880
107;220;75;4;5;16;86;44;30;167;51;34;680
108;223;75;3;6;17;80;43;15;232;54;15;470
106;227;75;4;12;24;48;38;20;232;54;11;567
117;220;75;9;10;23;120;47;29;510;62;12;570
111;222;75;6;10;23;71;42;27;268;55;17;505
112;225;75;6;8;20;98;45;25;302;57;25;624
113;228;75;4;15;27;115;47;18;281;56;35;708
107;230;75;6;17;28;85;44;43;306;57;25;710
101;232;75;4;6;17;65;41;12;161;50;10;510
108;233;75;5;12;24;60;40;20;206;53;12;457
106;237;75;4;8;20;64;41;12;182;52;12;297
117;230;75;10;5;16;140;49;25;430;60;34;405
111;232;75;8;6;17;70;42;24;222;54;12;765
116;237;75;5;12;24;96;45;22;282;56;15;584
113;238;75;3;11;23;71;42;20;195;52;8;487
121;232;75;10;27;32;288;56;32;924;68;30;840
122;235;75;9;6;17;178;51;40;630;64;15;734
123;238;75;3;12;24;74;43;22;167;51;18;327
108;243;75;3;6;17;66;41;15;160;50;8;334
117;240;75;6;6;17;81;43;22;420;60;29;500
111;242;75;3;6;17;58;40;13;140;49;11;390
112;245;75;3;8;20;76;43;25;217;53;12;475
116;247;75;5;12;24;70;42;22;327;57;30;510
113;248;75;4;12;24;81;43;17;237;54;27;740
127;240;75;6;16;27;182;52;27;325;57;30;900
128;243;75;6;18;28;110;47;22;243;54;61;890
126;247;75;5;10;23;88;44;29;242;54;16;492
123;248;75;5;18;28;65;41;22;357;58;16;650
111;252;75;3;41;37;59;40;22;172;51;13;688
118;253;75;5;6;17;46;38;17;181;51;15;610
112;255;75;4;12;24;65;41;22;276;56;22;455
116;257;75;5;8;20;81;43;17;120;47;17;495
127;250;75;5;22;30;86;44;27;352;58;49;590
128;253;75;6;50;39;118;47;35;487;61;75;840
126;257;75;4;11;23;91;45;24;240;54;37;495
123;258;75;5;12;24;98;45;27;362;58;121;810
138;253;75;5;30;34;85;44;20;262;55;41;514
132;255;75;4;6;17;48;38;20;170;51;22;400
136;257;75;6;30;34;98;45;27;420;60;58;640
146;257;75;4;22;30;53;39;29;193;52;16;435
117;260;75;4;2;6;58;40;30;158;50;15;405
118;263;75;3;10;23;46;38;12;151;50;12;465
127;260;75;4;12;24;60;40;15;260;55;24;355
121;262;75;4;6;17;86;44;25;241;54;25;510
131;262;75;4;12;24;63;41;25;266;55;27;434
132;265;75;3;12;24;70;42;18;227;54;30;658
133;268;75;4;6;17;55;40;17;260;55;20;455
128;273;75;4;15;27;69;42;22;183;52;27;420
131;272;75;8;12;24;50;39;24;306;57;32;494
138;273;75;3;5;16;45;38;20;158;50;143;342
128;293;75;2;10;23;55;40;25;113;47;17;385
132;295;75;3;5;16;45;38;22;138;49;13;372
131;302;75;3;3;10;37;36;20;138;49;12;280
58;178;75;3;4;13;65;41;27;200;52;15;570
58;188;75;4;4;13;37;36;16;131;48;8;440
78;188;75;3;8;20;55;40;27;177;51;20;512
38;198;75;3;4;13;45;38;18;118;47;6;479
48;198;75;2;4;13;48;38;12;118;47;8;395
58;198;75;3;3;10;34;35;17;138;49;12;550
68;198;75;4;4;13;53;39;22;162;50;10;720
58;208;75;3;4;13;58;40;22;153;50;6;384
98;208;75;4;8;20;63;41;27;282;56;30;560
108;208;75;5;88;44;93;45;30;417;60;45;580
58;218;75;4;2;6;56;40;20;118;47;6;625
68;218;75;4;5;16;59;40;24;201;53;5;527
108;218;75;5;11;23;93;45;18;282;56;30;575
118;228;75;16;16;27;357;58;24;720;65;32;855
118;238;75;6;6;17;93;45;17;272;56;18;530
118;258;75;4;6;17;56;40;20;202;53;13;442
128;268;75;4;8;20;73;42;18;196;52;100;520
138;288;75;3;6;17;39;36;18;136;49;8;385
83;208;75;6;10;23;29;33;22;138;49;12;342
78;213;75;3;5;16;46;38;22;183;52;10;622
73;218;75;4;6;17;73;42;24;91;45;25;744
87;210;75;3;8;20;46;38;27;315;57;8;335
82;215;75;3;6;17;45;38;18;162;50;13;525
98;213;75;4;5;16;45;38;20;227;54;17;544
93;218;75;4;5;16;44;37;25;242;54;10;660
102;215;75;8;6;17;55;40;22;207;53;22;630
87;220;75;4;10;23;40;36;29;156;50;12;474
82;225;75;3;3;10;64;41;32;135;49;8;890
97;220;75;6;20;29;70;42;40;216;53;25;980
98;223;75;3;13;25;40;36;25;162;50;22;444
102;225;75;4;10;23;48;38;20;225;54;13;507
103;228;75;3;3;10;64;41;12;168;51;11;610
78;233;75;2;5;16;58;40;22;135;49;11;560
72;235;75;4;10;23;30;34;32;185;52;6;372
73;238;75;3;6;17;45;38;8;151;50;5;350
83;238;75;2;5;16;65;41;22;196;52;25;374
98;233;75;4;6;17;96;45;18;153;50;6;651
93;238;75;3;6;17;75;43;20;167;51;60;880
68;243;75;4;3;10;56;40;18;148;49;6;920
77;240;75;3;5;16;50;39;17;138;49;10;297
78;243;75;4;6;17;51;39;3;161;50;15;345
72;245;75;3;10;23;43;37;16;136;49;10;397
87;240;75;3;3;10;64;41;12;30;34;10;400
88;243;75;3;5;16;54;39;17;176;51;15;435
82;245;75;3;45;38;56;40;13;150;50;12;300
83;248;75;3;10;23;53;39;12;148;49;8;515
97;240;75;4;11;23;118;47;22;222;54;13;442
103;248;75;5;4;13;43;37;24;197;52;8;462
87;250;75;3;4;13;55;40;15;172;51;15;524
88;253;75;3;5;16;49;38;25;193;52;16;415
83;258;75;10;12;24;60;40;37;141;49;27;215
97;250;75;2;4;13;50;39;20;131;48;29;345
98;253;75;2;25;32;50;39;17;155;50;6;313
93;258;75;3;6;17;59;40;34;181;51;12;440
107;250;75;3;6;17;45;38;15;103;46;11;407
108;253;75;3;5;16;58;40;12;140;49;12;210
102;255;75;4;6;17;51;39;17;156;50;10;400
88;263;75;3;4;13;37;36;17;148;49;5;505
97;260;75;4;5;16;32;34;15;106;46;6;362
107;260;75;4;54;39;61;41;24;83;44;11;760
108;263;75;4;6;17;40;36;22;217;53;13;452
103;268;75;1;4;13;41;37;12;113;47;10;305
112;265;75;3;6;17;58;40;18;106;46;12;610
113;268;75;4;6;17;83;44;22;231;54;22;580
122;265;75;4;6;17;65;41;17;217;53;13;731
123;268;75;5;8;20;88;44;22;277;56;17;550
97;270;75;3;5;16;45;38;22;121;47;5;432
98;273;75;3;11;23;40;36;17;167;51;10;364
92;275;75;4;3;10;103;46;27;150;50;8;567
107;270;75;3;5;16;40;36;13;121;47;6;464
108;273;75;4;4;13;60;40;18;106;46;5;435
102;275;75;4;6;17;50;39;20;111;47;6;721
118;273;75;4;6;17;43;37;20;120;47;12;320
112;275;75;4;4;13;37;36;13;111;47;18;327
122;275;75;3;6;17;55;40;17;148;49;16;412
123;278;75;3;6;17;65;41;17;141;49;13;444
98;283;75;2;12;24;45;38;12;126;48;20;405
108;283;75;2;3;10;44;37;15;75;43;6;392
117;280;75;4;8;20;201;53;22;156;50;16;344
122;285;75;4;6;17;49;38;20;143;49;17;372
117;290;75;2;1;0;34;35;17;86;44;15;300
113;298;75;6;8;20;39;36;30;148;49;39;283
118;303;75;2;3;10;32;34;20;125;48;12;417
78;218;75;5;6;17;45;38;29;185;52;16;670
88;218;75;3;5;16;45;38;20;151;50;8;367
98;218;75;4;10;23;56;40;22;227;54;18;494
78;228;75;4;8;20;48;38;24;201;53;13;394
98;228;75;4;2;6;45;38;13;210;53;16;394
88;248;75;2;5;16;45;38;12;172;51;11;266
98;248;75;4;8;20;55;40;24;217;53;15;554
108;248;75;4;6;17;37;36;17;141;49;8;255
98;258;75;3;8;20;51;39;15;140;49;8;240
108;258;75;3;2;6;63;41;18;162;50;10;490
108;268;75;4;4;13;45;38;17;210;53;20;355
118;278;75;3;5;16;105;46;12;123;48;15;251
118;288;75;4;3;10;39;36;18;160;50;24;305
